"additionalInfo/Accessibility/0/Wheelchair accessible entrance","additionalInfo/Accessibility/0/Wheelchair accessible parking lot","additionalInfo/Accessibility/0/Wheelchair accessible restroom","additionalInfo/Accessibility/0/Wheelchair accessible seating","additionalInfo/Accessibility/1/Wheelchair accessible entrance","additionalInfo/Accessibility/1/Wheelchair accessible parking lot","additionalInfo/Accessibility/1/Wheelchair accessible restroom","additionalInfo/Accessibility/1/Wheelchair accessible seating","additionalInfo/Amenities/0/Gender-neutral restroom","additionalInfo/Crowd/0/LGBTQ+ friendly","additionalInfo/Crowd/0/Transgender safespace","additionalInfo/Crowd/1/LGBTQ+ friendly","additionalInfo/Crowd/1/Transgender safespace","additionalInfo/From the business/0/Identifies as women-owned","additionalInfo/Offerings/0/Installation service","additionalInfo/Offerings/0/Repair services","additionalInfo/Offerings/1/Installation service","additionalInfo/Offerings/1/Repair services","additionalInfo/Payments/0/Credit cards","additionalInfo/Payments/0/NFC mobile payments","additionalInfo/Payments/1/Credit cards","additionalInfo/Payments/1/NFC mobile payments","additionalInfo/Payments/2/Credit cards","additionalInfo/Payments/2/NFC mobile payments","additionalInfo/Planning/0/Appointment required","additionalInfo/Service options/0/English","additionalInfo/Service options/0/Online estimates","additionalInfo/Service options/0/Onsite services","additionalInfo/Service options/1/English","additionalInfo/Service options/1/Online estimates","additionalInfo/Service options/1/Onsite services","additionalInfo/Service options/2/English","additionalInfo/Service options/2/Online estimates","additionalInfo/Service options/2/Onsite services","additionalOpeningHours/Access/0/day","additionalOpeningHours/Access/0/hours","additionalOpeningHours/Access/1/day","additionalOpeningHours/Access/1/hours","additionalOpeningHours/Access/2/day","additionalOpeningHours/Access/2/hours","additionalOpeningHours/Access/3/day","additionalOpeningHours/Access/3/hours","additionalOpeningHours/Access/4/day","additionalOpeningHours/Access/4/hours","additionalOpeningHours/Access/5/day","additionalOpeningHours/Access/5/hours","additionalOpeningHours/Access/6/day","additionalOpeningHours/Access/6/hours","additionalOpeningHours/Online service hours/0/day","additionalOpeningHours/Online service hours/0/hours","additionalOpeningHours/Online service hours/1/day","additionalOpeningHours/Online service hours/1/hours","additionalOpeningHours/Online service hours/2/day","additionalOpeningHours/Online service hours/2/hours","additionalOpeningHours/Online service hours/3/day","additionalOpeningHours/Online service hours/3/hours","additionalOpeningHours/Online service hours/4/day","additionalOpeningHours/Online service hours/4/hours","additionalOpeningHours/Online service hours/5/day","additionalOpeningHours/Online service hours/5/hours","additionalOpeningHours/Online service hours/6/day","additionalOpeningHours/Online service hours/6/hours","address","categories/0","categories/1","categories/2","categories/3","categories/4","categories/5","categories/6","categories/7","categories/8","categories/9","categoryName","checkInDate","checkOutDate","cid","city","claimThisBusiness","countryCode","depth","description","domain","emails/0","emails/1","emails/2","emails/3","emails/4","emails/5","facebooks/0","facebooks/1","fid","floor","googleFoodUrl","hotelStars","imageUrl","imagesCount","instagrams/0","instagrams/1","isAdvertisement","kgmid","language","linkedIns/0","locatedIn","location/lat","location/lng","menu","neighborhood","openingHours/0/day","openingHours/0/hours","openingHours/1/day","openingHours/1/hours","openingHours/2/day","openingHours/2/hours","openingHours/3/day","openingHours/3/hours","openingHours/4/day","openingHours/4/hours","openingHours/5/day","openingHours/5/hours","openingHours/6/day","openingHours/6/hours","permanentlyClosed","phone","phoneUnformatted","phones/0","phones/1","phones/2","phones/3","phones/4","phones/5","phones/6","phones/7","phones/8","phones/9","phones/10","phonesUncertain/0","phonesUncertain/1","phonesUncertain/2","phonesUncertain/3","phonesUncertain/4","phonesUncertain/5","phonesUncertain/6","phonesUncertain/7","phonesUncertain/8","phonesUncertain/9","phonesUncertain/10","phonesUncertain/11","phonesUncertain/12","pinterests/0","placeId","plusCode","postalCode","price","rank","reserveTableUrl","reviews","reviewsCount","reviewsDistribution/fiveStar","reviewsDistribution/fourStar","reviewsDistribution/oneStar","reviewsDistribution/threeStar","reviewsDistribution/twoStar","scrapedAt","scrapedUrls/0","scrapedUrls/1","scrapedUrls/2","scrapedUrls/3","scrapedUrls/4","searchPageUrl","searchString","state","street","subTitle","temporarilyClosed","tiktoks/0","tiktoks/1","title","totalScore","twitters/0","url","website","whatsapps/0","youtubes/0","youtubes/1","youtubes/2","youtubes/3"
,,,,,,,,,,,,,,,"true",,,,"true","true",,,,,,,,,,,,,,,,,,,,,,,,,,,,,,,,,,,,,,,,,,"10861 50 St SE, Calgary, AB T2C 3E5, Canada","Plumber",,,,,,,,,,"Plumber",,,"17014611197555247253","Calgary","true","CA",,,,,,,,,,,,"0x537179e7569b9c0d:0xec200abca5aa0895",,,,,"0",,,"false","/g/11b5wj3vrd","en",,,"50.9564328","-113.9623532",,"East Shepard Industrial",,,,,,,,,,,,,,,"false","+1 403-252-0375","+14032520375",,,,,,,,,,,,,,,,,,,,,,,,,,"ChIJDZybVud5cVMRlQiqpbwKIOw",,"T2C 3E5",,"53",,,"1","1","0","0","0","0","2026-04-18T17:36:27.719Z",,,,,,"https://www.google.com/maps/search/plumber/@50.94138981351432,-113.88334802444844,13z?hl=en","plumber","Alberta","10861 50 St SE",,"false",,,"AAA-Assured Plumbing Ltd","5",,"https://www.google.com/maps/search/?api=1&query=AAA-Assured%20Plumbing%20Ltd&query_place_id=ChIJDZybVud5cVMRlQiqpbwKIOw",,,,,,
,,,,,,,,,,,,,,,"true",,,,,,,,,,,,,,,,,,,,,,,,,,,,,,,,,,,,,,,,,,,,,,,"335 Hotchkiss Mnr SE, Calgary, AB T3S 0J9, Canada","Plumber",,,,,,,,,,"Plumber",,,"17906805580882932084","Calgary","false","CA",,,,,,,,,,,,"0x53717947436d3c67:0xf881c0cd2e827174",,,,"https://lh3.googleusercontent.com/gps-cs-s/APNQkAFN4UnTNZXUTclYRQGF8A9c_nBsBJXUiG8TMLR3NwdD35EUMalxvl0bdO_hqEloAt3fDf_FICodLE_FnooV_yBNb91uuscy1Izl5Z6wCwgR_It5B0m23b9t7PTWV-3vsLK0oLkO9ia43l0I=w408-h544-k-no","11",,,"false","/g/11mlcdbkj2","en",,,"50.9158442","-113.8960425",,"Hotchkiss","Monday","Open 24 hours","Tuesday","Open 24 hours","Wednesday","Open 24 hours","Thursday","Open 24 hours","Friday","Open 24 hours","Saturday","Open 24 hours","Sunday","Open 24 hours","false","+1 825-288-9202","+18252889202",,,,,,,,,,,,,,,,,,,,,,,,,,"ChIJZzxtQ0d5cVMRdHGCLs3Agfg",,"T3S 0J9",,"52",,,,,,,,,"2026-04-18T17:36:27.719Z",,,,,,"https://www.google.com/maps/search/plumber/@50.94138981351432,-113.88334802444844,13z?hl=en","plumber","Alberta","335 Hotchkiss Mnr SE",,"false",,,"Fungai The Plumber",,,"https://www.google.com/maps/search/?api=1&query=Fungai%20The%20Plumber&query_place_id=ChIJZzxtQ0d5cVMRdHGCLs3Agfg",,,,,,
,,,,,,,,,,,,,,,"true",,,"true",,,,,,,,,,,,,,,,,,,,,,,,,,,,,,,,,,,,,,,,,,,,"11979 40 St SE, Calgary, AB T2Z 4M3, Canada","Plumber",,,,,,,,,,"Plumber",,,"5188262920790232042","Calgary","true","CA","0",,"abetterwayplumbing.com","+AB+T2Z+3L4/@50.9194914",,,,,,"https://www.facebook.com/ABetterWayPlumbingandHeating",,"0x53719d6e177dbea7:0x480069a34b084bea",,,,"https://streetviewpixels-pa.googleapis.com/v1/thumbnail?panoid=sfQD3jtMdKEColv57L6n3A&cb_client=search.gws-prod.gps&w=408&h=240&yaw=303.86588&pitch=0&thumbfov=100","1","https://www.instagram.com/abetterwayplumbing",,"false","/g/11kt8cl8t4","en",,,"50.9430947","-113.9770499",,"East Shepard Industrial",,,,,,,,,,,,,,,"false","+1 403-667-5862","+14036675862","403-667-5862",,,,,,,,,,,"(403) 295-3028","113.963335","113.965523","50.919491","53717790","403-667-5862","116 11979","403.667.5862","403-474-6161",,,,,,"ChIJp759F26dcVMR6ksIS6NpAEg",,"T2Z 4M3",,"51",,,,,,,,,"2026-04-18T17:36:27.719Z","http://abetterwayplumbing.com/about-us/","https://abetterwayplumbing.com/contact-us/","https://abetterwayplumbing.com/about-us/warranty/","https://abetterwayplumbing.com/about-us/","https://abetterwayplumbing.com/about-us/reviews/","https://www.google.com/maps/search/plumber/@50.94138981351432,-113.88334802444844,13z?hl=en","plumber","Alberta","11979 40 St SE",,"false",,,"A Better Way Plumbing",,,"https://www.google.com/maps/search/?api=1&query=A%20Better%20Way%20Plumbing&query_place_id=ChIJp759F26dcVMR6ksIS6NpAEg","https://abetterwayplumbing.com/about-us/",,,,,
"true",,,,,,,,,,,,,,,,,,,,,,,,,,,,,,,,,,,,,,,,,,,,,,,,,,,,,,,,,,,,,,"#102, 11051 50 St SE, Calgary, AB T2C 3E5, Canada","Plumber","Mechanical contractor",,,,,,,,,"Plumber",,,"11724960109755411265","Calgary","false","CA","0",,"hmplumb.ca","info@hmplumb.ca",,,,,,,,"0x53717a6ac5258923:0xa2b76d192b98ab41",,,,"https://lh3.googleusercontent.com/gps-cs-s/APNQkAEId4mKMBDluhXq3_1camMJR020M6qub0opmZKfPeNGfFbKpbDmCehTgZ8tU71QuInHP9Ms4EIhcHth8Z2TdmeaaZX-0W_V9YCOmFnxFBBjAfGY8vqK4uvDGme2YAmd9lFgVVMq=w408-h544-k-no","10",,,"false","/g/1tczk4hb","en",,,"50.955342","-113.9619668",,"East Shepard Industrial","Monday","7 AM to 4 PM","Tuesday","7 AM to 4 PM","Wednesday","7 AM to 4 PM","Thursday","7 AM to 4 PM","Friday","7 AM to 4 PM","Saturday","Closed","Sunday","Closed","false","+1 403-236-4474","+14032364474",,,,,,,,,,,,"403-236-4474","403.236.4474",,,,,,,,,,,,,"ChIJI4klxWp6cVMRQauYKxltt6I",,"T2C 3E5",,"54",,,"14","13","0","1","0","0","2026-04-18T17:36:27.719Z","https://www.hmplumb.ca/","https://www.hmplumb.ca/services-1","https://www.hmplumb.ca/services","https://www.hmplumb.ca/about","https://www.hmplumb.ca/contact","https://www.google.com/maps/search/plumber/@50.94138981351432,-113.88334802444844,13z?hl=en","plumber","Alberta","#102, 11051 50 St SE",,"false",,,"H & M Mechanical Ltd","4.7",,"https://www.google.com/maps/search/?api=1&query=H%20%26%20M%20Mechanical%20Ltd&query_place_id=ChIJI4klxWp6cVMRQauYKxltt6I","http://www.hmplumb.ca/",,,,,
,,,,,,,,,,,,,,,"true",,,"true",,"true",,,,,,,,,,,,,,,,,,,,,,,,,,,,,,,,,,,,,,,,,,"10820 24 St SE, Calgary, AB T2Z 4C9, Canada","Plumber","Heating contractor","HVAC contractor","Mechanical contractor",,,,,,,"Plumber",,,"626411136874174278","Calgary","false","CA",,,,,,,,,,,,"0x5371774644c1e5e3:0x8b1759c30bbd746",,,,"https://lh3.googleusercontent.com/gps-cs-s/APNQkAFwJ324u3V_KHslcOiaEU4oMB9NzRPbKLz10Z_HeUNnn6lyEEeUffLiuiZ-FAuPlxK3D6UUuvlZxnUDmwH4CM89IdXkFlVEQdKirRRzUC8-gw5xcn0BOM4Vap5k5aNtCbCrGqKcOg=w408-h402-k-no","5",,,"false","/g/1td_y85w","en",,,"50.9557755","-113.9991263",,"Shepard Industrial","Monday","8 AM to 5 PM","Tuesday","8 AM to 5 PM","Wednesday","8 AM to 5 PM","Thursday","8 AM to 5 PM","Friday","8 AM to 5 PM","Saturday","Closed","Sunday","Closed","false","+1 403-283-5678","+14032835678",,,,,,,,,,,,,,,,,,,,,,,,,,"ChIJ4-XBREZ3cVMRRte7MJx1sQg",,"T2Z 4C9",,"44",,,"17","13","1","2","0","1","2026-04-18T17:36:27.718Z",,,,,,"https://www.google.com/maps/search/plumber/@50.94138981351432,-113.88334802444844,13z?hl=en","plumber","Alberta","10820 24 St SE",,"false",,,"Viper Mechanical","4.3",,"https://www.google.com/maps/search/?api=1&query=Viper%20Mechanical&query_place_id=ChIJ4-XBREZ3cVMRRte7MJx1sQg",,,,,,
,,,,,,,,,,,,,,,"true",,,"true",,,,,,,,,,,,,,,,,,,,,,,,,,,,,,,,,,,,,,,,,,,,"4516 112 Ave SE, Calgary, AB T2C 2K2, Canada","Plumber","Heating equipment supplier","Mechanical contractor",,,,,,,,"Plumber",,,"14424439007188326728","Calgary","false","CA","0",,"thplumbing.com",,,,,,,"https://www.facebook.com/t.hplumbingandheating",,"0x53717760f5813453:0xc82de6da63bf9948",,,,"https://lh3.googleusercontent.com/gps-cs-s/APNQkAFxkX1O1RzyrABZKsTSJ1JXvHYeDpBStSo-NwX1a39QF24C2Jxg3Ko_O0FibG-AGZW9NCqpuz4RNBXhZWRCtLxmehLRsxLGbvjRy2AoBUNSUQv6XphXXJzbWfRIuaE-JFgb9aU=w648-h240-k-no","4",,,"false","/g/1vgw89d3","en",,,"50.9522325","-113.9715124",,"East Shepard Industrial","Monday","8 AM to 4 PM","Tuesday","8 AM to 4 PM","Wednesday","8 AM to 4 PM","Thursday","8 AM to 4 PM","Friday","8 AM to 4 PM","Saturday","Closed","Sunday","Closed","false","+1 403-720-0164","+14037200164",,,,,,,,,,,,"(403) 720 0164","4516 112","403 720 0164","403 279 0747",,,,,,,,,,,"ChIJUzSB9WB3cVMRSJm_Y9rmLcg",,"T2C 2K2",,"46",,,"4","4","0","0","0","0","2026-04-18T17:36:27.719Z","https://thplumbing.com/","https://thplumbing.com/about.php","https://thplumbing.com/services.php","https://thplumbing.com/#footer","https://thplumbing.com/gallery.php","https://www.google.com/maps/search/plumber/@50.94138981351432,-113.88334802444844,13z?hl=en","plumber","Alberta","4516 112 Ave SE",,"false",,,"T H Plumbing & Heating Ltd","5","https://twitter.com/thplumbing1","https://www.google.com/maps/search/?api=1&query=T%20H%20Plumbing%20%26%20Heating%20Ltd&query_place_id=ChIJUzSB9WB3cVMRSJm_Y9rmLcg","http://thplumbing.com/",,,,,
,,,,,,,,,,,,,,,"true",,,"true",,"true",,,,,,"true",,,,"false",,,,,,,,,,,,,,,,,,,,,,,,,,,,,,,,"268 Mt Aberdeen Close SE, Calgary, AB T2Z 3N3, Canada","Plumber","Gasfitter","Heating contractor",,,,,,,,"Plumber",,,"12103636585110504624","Calgary","false","CA","0",,"bluerockalberta.ca",,,,,,,,,"0x53717786b0e21827:0xa7f8c158a9ef04b0",,,,"https://lh3.googleusercontent.com/gps-cs-s/APNQkAFch1ut1k7rBtxjKXYvSY-ddnc2qEiseBoVs-_KQXvVwa0VGwy0LDz1QwZyQmfcRaMBD3Ss4EmYdF5_X_WvyeZ8rf79347pMc-3CV9W9Dpc-e38LXwD3zY8DomhreMHv5CqBpax=w408-h306-k-no","95","instagram.com/bluerock_plumbing_ltd",,"false","/g/11jfp1m6xk","en",,,"50.9301111","-113.9767154",,"Southeast Calgary","Monday","7 AM to 5 PM","Tuesday","7 AM to 5 PM","Wednesday","7 AM to 5 PM","Thursday","7 AM to 5 PM","Friday","7 AM to 5 PM","Saturday","Closed","Sunday","Closed","false","+1 403-680-8739","+14036808739",,,,,,,,,,,,"403-680-8739","196629121",,,,,,,,,,,,,"ChIJJxjisIZ3cVMRsATvqVjB-Kc",,"T2Z 3N3",,"41",,,"9","9","0","0","0","0","2026-04-18T17:36:27.718Z","http://www.bluerockalberta.ca/","http://www.bluerockalberta.ca/#","http://www.bluerockalberta.ca/contact.html","http://www.bluerockalberta.ca/about.html","http://www.bluerockalberta.ca/","https://www.google.com/maps/search/plumber/@50.94138981351432,-113.88334802444844,13z?hl=en","plumber","Alberta","268 Mt Aberdeen Close SE",,"false",,,"Bluerock Plumbing & Heating","5",,"https://www.google.com/maps/search/?api=1&query=Bluerock%20Plumbing%20%26%20Heating&query_place_id=ChIJJxjisIZ3cVMRsATvqVjB-Kc","http://bluerockalberta.ca/",,,,,
,,,,,,,,,,,,,,,"true",,,,,,,,,,,,,,,,,,,,,,,,,,,,,,,,,,,,,,,,,,,,,,,,"Plumber","Service establishment",,,,,,,,,"Plumber",,,"14188843885086606800",,"false",,"0",,"northernoasisplumbing.ca",,,,,,,,,"0xa7a23a4cdca4b3e1:0xc4e8e656780f85d0",,,,"https://lh3.googleusercontent.com/gps-cs-s/APNQkAHYhobGhtmoLFqypw89wzf-qrefyKboNSUg8FAd79XMzA-4Be2t4Z682anskdm2N445cDWvRO-OrvbMfbUpbIw1iRhcRFDc1DI_gJv_--6aTkWdA3DC7W4k89wzb5b0LR5JyWHr9f5TLNkh=w408-h306-k-no","22",,,"false","/g/11z0hjbzkh","en",,,"50.8994864","-114.0527286",,,"Monday","8 AM to 5 PM","Tuesday","8 AM to 5 PM","Wednesday","8 AM to 5 PM","Thursday","8 AM to 5 PM","Friday","8 AM to 5 PM","Saturday","Closed","Sunday","Closed","false","+1 587-777-5588","+15877775588","(587) 777-5588",,,,,,,,,,,"(587) 777-5588",,,,,,,,,,,,,,"ChIJ4bOk3Ew6oqcR0IUPeFbm6MQ",,,,"40",,,,,,,,,"2026-04-18T17:36:27.386Z","https://www.northernoasisplumbing.ca/","https://www.northernoasisplumbing.ca/","https://www.northernoasisplumbing.ca/services/tankless-water-heater-service-and-repair","https://www.northernoasisplumbing.ca/services/plumbing-installations-and-repairs","https://www.northernoasisplumbing.ca/services/boiler-repairs-and-installation","https://www.google.com/maps/search/plumber/@50.855265977028644,-113.88334802444844,13z?hl=en","plumber",,,,"false",,,"Northern Oasis Plumbing & Heating Ltd.",,,"https://www.google.com/maps/search/?api=1&query=Northern%20Oasis%20Plumbing%20%26%20Heating%20Ltd.&query_place_id=ChIJ4bOk3Ew6oqcR0IUPeFbm6MQ","https://www.northernoasisplumbing.ca/",,,,,
,,,,,,,,,,,,,,,"true",,,"true",,"true",,,,,,"true",,"true",,,,,,,,,,,,,,,,,,,,,,,,,,,,,,,,,,,"Plumber","Service establishment",,,,,,,,,"Plumber",,,"10382787494732372041",,"false",,"0",,"flowriseplumbing.ca","support@flowriseplumbing.ca",,,,,,,,"0x69ea9fda2151d08b:0x9017123751e41849",,,,"https://lh3.googleusercontent.com/gps-cs-s/APNQkAGzuONQ7S00ZOeuxbUIRulQr4wrvO7eNErhKANldeV8M5E7jTY63NR20hKB5n0efglwJULsTCC85eYYhd82IPVL0UxaLHN4ccADCv83zubTk95jf1BLrHjNoAvXoZM2siIQZVQk8Vx1FQKx=w408-h538-k-no","23",,,"false","/g/11z0mdp7hb","en",,,"50.8994864","-114.0527286",,,"Monday","8 AM to 5 PM","Tuesday","8 AM to 5 PM","Wednesday","8 AM to 5 PM","Thursday","8 AM to 5 PM","Friday","8 AM to 5 PM","Saturday","Closed","Sunday","Closed","false","+1 403-874-3931","+14038743931",,,,,,,,,,,,,,,,,,,,,,,,,,"ChIJi9BRIdqf6mkRSRjkUTcSF5A",,,,"39",,,"8","8","0","0","0","0","2026-04-18T17:36:27.386Z","https://www.flowriseplumbing.ca/","https://www.flowriseplumbing.ca/services/index.html","https://www.flowriseplumbing.ca/blog/index.html","https://www.flowriseplumbing.ca/about.html","https://www.flowriseplumbing.ca/contact.html","https://www.google.com/maps/search/plumber/@50.855265977028644,-113.88334802444844,13z?hl=en","plumber",,,,"false",,,"Flowrise Plumbing & Heating","5",,"https://www.google.com/maps/search/?api=1&query=Flowrise%20Plumbing%20%26%20Heating&query_place_id=ChIJi9BRIdqf6mkRSRjkUTcSF5A","https://flowriseplumbing.ca/",,,,,
,"true",,,,,,,,,,,,,,,,,,,,,,,,,,,,,,,,,,,,,,,,,,,,,,,,,,,,,,,,,,,,,"11410 27 St SE #10, Calgary, AB T2Z 3R6, Canada","Mechanical contractor",,,,,,,,,,"Mechanical contractor",,,"8922589122835564288","Calgary","false","CA","0",,"dandt-plumbing.ca","infodandtplumbing@gmail.com",,,,,,,,"0x53717778c8bebd89:0x7bd367888760c700",,,,"https://streetviewpixels-pa.googleapis.com/v1/thumbnail?panoid=5IVP_FWff-lIL5yU2gTNoA&cb_client=search.gws-prod.gps&w=408&h=240&yaw=63.3044&pitch=0&thumbfov=100","2","https://www.instagram.com/dandt_plumbing",,"false","/g/11h7s41r1k","en",,,"50.9536484","-113.9944109",,"Shepard Industrial","Monday","8 AM to 4:30 PM","Tuesday","8 AM to 4:30 PM","Wednesday","8 AM to 4:30 PM","Thursday","8 AM to 4:30 PM","Friday","8 AM to 4:30 PM","Saturday","Closed","Sunday","Closed","false","+1 403-203-2807","+14032032807",,,,,,,,,,,,"403-203-2807",,,,,,,,,,,,,,"ChIJib2-yHh3cVMRAMdgh4hn03s",,"T2Z 3R6",,"42",,,"8","3","0","5","0","0","2026-04-18T17:36:27.718Z","https://dandt-plumbing.ca/","https://dandt-plumbing.ca/","https://dandt-plumbing.ca/contact-us/","https://dandt-plumbing.ca/services/","https://dandt-plumbing.ca/about-us/","https://www.google.com/maps/search/plumber/@50.94138981351432,-113.88334802444844,13z?hl=en","plumber","Alberta","11410 27 St SE #10",,"false",,,"D & T Plumbing","2.5",,"https://www.google.com/maps/search/?api=1&query=D%20%26%20T%20Plumbing&query_place_id=ChIJib2-yHh3cVMRAMdgh4hn03s","http://dandt-plumbing.ca/",,,,,
,,,,,,,,,,,,,,,"true",,,"true",,,,,,,"true",,,,,,,,,,,,,,,,,,,,,,,,,,,,,,,,,,,,,,"Plumber","Service establishment",,,,,,,,,"Plumber",,,"2751246636949842323",,"false",,"0",,"plumbest.ca",,,,,,,,,"0xf5ed8cd9146c115:0x262e643d54e22993",,,,"https://lh3.googleusercontent.com/gps-cs-s/APNQkAHUc0xeeEvA1CdLHy9VozdHu-db0_BeURwA6DW_etjxwR-7qoW5q4yT6XPP5O43V5qGZ9I0pFWXjkCASC4r_IlOuFYm04egGpCkAkWGCIth4bY-vw68ldnK6nLnPEyCc_v4-tRhl7h5X_PH=w408-h272-k-no","7",,,"false","/g/11m5h9j3s6","en",,,"51.0276233","-114.087835",,,"Monday","7 AM to 7 PM","Tuesday","7 AM to 7 PM","Wednesday","7 AM to 7 PM","Thursday","7 AM to 7 PM","Friday","7 AM to 7 PM","Saturday","7 AM to 7 PM","Sunday","Closed","false","+1 403-463-8330","+14034638330",,,,,,,,,,,,,,,,,,,,,,,,,,"ChIJFcFGkc3YXg8RkyniVD1kLiY",,,,"32",,,"12","11","1","0","0","0","2026-04-18T17:36:27.385Z","http://plumbest.ca/",,,,,"https://www.google.com/maps/search/plumber/@50.855265977028644,-113.88334802444844,13z?hl=en","plumber",,,,"false",,,"Plumbest Plumbing & Heating","4.9",,"https://www.google.com/maps/search/?api=1&query=Plumbest%20Plumbing%20%26%20Heating&query_place_id=ChIJFcFGkc3YXg8RkyniVD1kLiY","https://plumbest.ca/",,,,,
,,,,,,,,,,,,,,,"true",,,,,,,,,,,,,,,,,,,,,,,,,,,,,,,,,,,,,,,,,,,,,,,,"Plumber","Service establishment","Furnace repair service","Gasfitter",,,,,,,"Plumber",,,"7507902169938932955",,"false",,,,,,,,,,,,,"0x5371779b31e9cfcf:0x68316d3eb79834db",,,,"https://lh3.googleusercontent.com/gps-cs-s/APNQkAEx_u6jI7ydNMulZf_ro9dbR8NuhEs6UjBOtAJXCkA6TKaEqNDCskMFu0zmaDUIvI3bQDmlGqcexhGi8RTdr6GpJtleOjX0MHauIHKz7TVbiE-YnYGMky4wn9JbVwIx42gZYt5t=w464-h240-k-no","5",,,"false","/g/11clm29xpb","en",,,"51.0276233","-114.087835",,,"Monday","Open 24 hours","Tuesday","Open 24 hours","Wednesday","Open 24 hours","Thursday","Open 24 hours","Friday","Open 24 hours","Saturday","Open 24 hours","Sunday","Open 24 hours","false","+1 403-585-2539","+14035852539",,,,,,,,,,,,,,,,,,,,,,,,,,"ChIJz8_pMZt3cVMR2zSYtz5tMWg",,,,"31",,,"27","27","0","0","0","0","2026-04-18T17:36:27.385Z",,,,,,"https://www.google.com/maps/search/plumber/@50.855265977028644,-113.88334802444844,13z?hl=en","plumber",,,,"false",,,"X-Stream Plumbing And Heating Ltd.","5",,"https://www.google.com/maps/search/?api=1&query=X-Stream%20Plumbing%20And%20Heating%20Ltd.&query_place_id=ChIJz8_pMZt3cVMR2zSYtz5tMWg",,,,,,
,,,,,,,,,,,,,,,"true",,,,,,,,,,,,,,,,,,,,,,,,,,,,,,,,,,,,,,,,,,,,,,,,"Plumber","Service establishment",,,,,,,,,"Plumber",,,"17334675361503118417",,"false",,"0",,"kpnplumbing.ca",,,,,,,"https://www.facebook.com/KPNPlumbing",,"0x4bb268893a234ca3:0xf0912365f31c0451",,,,,"0","https://www.instagram.com/kpnplumbingyyc",,"false","/g/11vm0gdq90","en",,,"51.0276233","-114.087835",,,,,,,,,,,,,,,,,"false","+1 403-608-9557","+14036089557","403-608-9557","4036089557",,,,,,,,,,"403-608-9557",,,,,,,,,,,,,,"ChIJo0wjOolosksRUQQc82UjkfA",,,,"37",,,"1","1","0","0","0","0","2026-04-18T17:36:27.386Z","https://www.kpnplumbing.ca/","https://www.kpnplumbing.ca/#section-kq2q08J7g","https://www.kpnplumbing.ca/contact-us","https://www.kpnplumbing.ca/renovations","https://www.kpnplumbing.ca/poly-b-information","https://www.google.com/maps/search/plumber/@50.855265977028644,-113.88334802444844,13z?hl=en","plumber",,,,"false","https://tiktok.com/@plumbinggurus77","tiktok.com/@plumbinggurus77","KPN Plumbing & Heating Ltd.","5",,"https://www.google.com/maps/search/?api=1&query=KPN%20Plumbing%20%26%20Heating%20Ltd.&query_place_id=ChIJo0wjOolosksRUQQc82UjkfA","https://www.kpnplumbing.ca/",,"https://youtube.com/@ThePlumbingGurus","youtube.com/@ThePlumbingGurus",,
,,,,,,,,,,,,,,,"true",,,"true",,,,,,,,,,,,,,,,,,,,,,,,,,,,,,,,,,,,,,,,,,,,"185 Cranfield Manor SE, Calgary, AB T3M 1K6, Canada","Plumber","Plumbing supply store","Store",,,,,,,,"Plumber",,,"12205661079398050545","Calgary","false","CA","0",,"almyplumbing.com","jhughes@almyplumbing.com",,,,,,"https://www.facebook.com/almyplumbing",,"0x53717a1d11d07b97:0xa96338155654eaf1",,,,"https://lh3.googleusercontent.com/gps-cs-s/APNQkAGXL6uLa7-IA3TgkAXn6McHH_c4PzlW3Vy3xaKU42eOQa4_xzxvJmGRt_8ZU1ZoCETdwgxdwGRIel8N4bR1Na3TcVNiJKD_2IxWCsBb33Sayr2SYSMQXGmTvBVbGfIn0c2QJUA=w408-h306-k-no","4","https://instagram.com/almyplumbing",,"false","/g/11c3k6llf4","en",,,"50.885545","-113.9768275",,"Southeast Calgary","Monday","8 AM to 4 PM","Tuesday","8 AM to 4 PM","Wednesday","8 AM to 4 PM","Thursday","8 AM to 4 PM","Friday","8 AM to 4 PM","Saturday","Closed","Sunday","Closed","false","+1 403-257-3436","+14032573436",,,,,,,,,,,,"403-257-3436","403-888-3191",,,,,,,,,,,,,"ChIJl3vQER16cVMR8epUVhU4Y6k",,"T3M 1K6",,"29",,,"6","6","0","0","0","0","2026-04-18T17:36:27.385Z","http://almyplumbing.com/","http://almyplumbing.com/about.html","http://almyplumbing.com/index.html","http://almyplumbing.com/almy_plumbingfaq.html","http://almyplumbing.com/contact.html","https://www.google.com/maps/search/plumber/@50.855265977028644,-113.88334802444844,13z?hl=en","plumber","Alberta","185 Cranfield Manor SE",,"false",,,"Almy Plumbing Inc","5",,"https://www.google.com/maps/search/?api=1&query=Almy%20Plumbing%20Inc&query_place_id=ChIJl3vQER16cVMR8epUVhU4Y6k","http://almyplumbing.com/",,,,,
,,,,,,,,,,,,,,,"true",,,"true",,"true",,,,,,"false",,,,,,,,,,,,,,,,,,,,,,,,,,,,,,,,,,,,,"Plumber","Service establishment","Gasfitter",,,,,,,,"Plumber",,,"14579761583087548704",,"false",,"0",,"hvacservicescalgary.ca","milanvicplumbing@gmail.com",,,,,,,,"0x53719d3f9dfc141d:0xca55b7e9b5d1f920",,,,"https://lh3.googleusercontent.com/gps-cs-s/APNQkAH_e5W8IwqBXtjAf5nkwd3s1Uh2OlKH2yrogpbDY6pbDI6Bo6uhNWjLxBr5BNRM5w1tRXGC4y1syEMuFzwiBDYeY5BDFAkVzsorDY_TfsJaVLctfazb0M3FZrHI2QpHlK1yIzvfpw=w408-h306-k-no","40",,,"false","/g/11qptbsc9m","en",,,"51.0276233","-114.087835",,,"Monday","7 AM to 9 PM","Tuesday","7 AM to 9 PM","Wednesday","7 AM to 9 PM","Thursday","7 AM to 9 PM","Friday","7 AM to 9 PM","Saturday","9 AM to 5 PM","Sunday","Closed","false","+1 403-890-8685","+14038908685","+14038908685",,,,,,,,,,,"+14038908685","114.0719","403-890-8685","20131998","1978-1998",,,,,,,,,,"ChIJHRT8nT-dcVMRIPnRtem3Vco",,,,"35",,,"21","21","0","0","0","0","2026-04-18T17:36:27.386Z","https://hvacservicescalgary.ca/","https://hvacservicescalgary.ca/contact/","https://hvacservicescalgary.ca/about/","https://hvacservicescalgary.ca/faq/","https://hvacservicescalgary.ca/blog/","https://www.google.com/maps/search/plumber/@50.855265977028644,-113.88334802444844,13z?hl=en","plumber",,,,"false",,,"MV Pro Mechanical Inc. (previously known as MilanVic Plumbing & Heating Ltd.)","5",,"https://www.google.com/maps/search/?api=1&query=MV%20Pro%20Mechanical%20Inc.%20(previously%20known%20as%20MilanVic%20Plumbing%20%26%20Heating%20Ltd.)&query_place_id=ChIJHRT8nT-dcVMRIPnRtem3Vco","https://hvacservicescalgary.ca/","https://wa.me/14038908685",,,,
,,,,,,,,,,,,,,,"true",,,"true",,"true",,,,,,,,,,,,,,,,,,,,,,,,,,,,,,,,,,,,,,,,,,"4522 112 Ave SE, Calgary, AB T2C 2K2, Canada","Plumber","HVAC contractor",,,,,,,,,"Plumber",,,"103303710407084705","Calgary","true","CA",,,,,,,,,,,,"0x537177605f6a2263:0x16f022d62cb4aa1",,,,"https://streetviewpixels-pa.googleapis.com/v1/thumbnail?panoid=RYBf2qlOpvMD40WJBsuH2Q&cb_client=search.gws-prod.gps&w=408&h=240&yaw=9.793741&pitch=0&thumbfov=100","1",,,"false","/g/1tj5qdyh","en",,,"50.9522366","-113.971482",,"East Shepard Industrial",,,,,,,,,,,,,,,"false","+1 403-252-1101","+14032521101",,,,,,,,,,,,,,,,,,,,,,,,,,"ChIJYyJqX2B3cVMRoUrLYi0CbwE",,"T2C 2K2",,"37",,,"16","10","2","3","0","1","2026-04-18T17:36:26.993Z",,,,,,"https://www.google.com/maps/search/plumber/@50.94138981351432,-113.88334802444844,13z?hl=en","plumber","Alberta","4522 112 Ave SE",,"false",,,"Deer Bridge Plumbing & Heating ltd","3.9",,"https://www.google.com/maps/search/?api=1&query=Deer%20Bridge%20Plumbing%20%26%20Heating%20ltd&query_place_id=ChIJYyJqX2B3cVMRoUrLYi0CbwE",,,,,,
,,,,,,,,,,,,,,,"true",,,,,,,,,,,,,,,,,,,,,,,,,,,,,,,,,,,,,,,,,,,,,,,,"Plumber","Service establishment",,,,,,,,,"Plumber",,,"3762182678552004937",,"false",,"0",,"pythonplumbingab.ca","jamison@pythonplumbingab.ca",,,,,,,,"0xa728de91b054e3cb:0x3435f53697384949",,,,"https://lh3.googleusercontent.com/gps-cs-s/APNQkAFuA2ZX6uzvFcij62kNRIFHErumALem-NIWk05sBFKaFsv3tn1Pkn1Xsj3l5vTO1lYURHNdIpD4aiPmuKYs60SaEG761gwLXiCeMRmVypfYGcu39Pjy8vGphg6HWM_cFsLOPrZJMeLwhKS3=w408-h397-k-no","1","https://www.instagram.com/pythonplumbingab",,"false","/g/11z2n8t7q5","en",,,"51.0276233","-114.087835",,,"Monday","8 AM to 6 PM","Tuesday","8 AM to 6 PM","Wednesday","8 AM to 6 PM","Thursday","8 AM to 6 PM","Friday","8 AM to 6 PM","Saturday","Closed","Sunday","Closed","false","+1 403-479-0244","+14034790244",,,,,,,,,,,,"403-479-0244",,,,,,,,,,,,,,"ChIJy-NUsJHeKKcRSUk4lzb1NTQ",,,,"21",,,"1","1","0","0","0","0","2026-04-18T17:36:27.384Z","https://www.pythonplumbingab.ca/?utm_source=google&utm_medium=wix_google_business_profile&utm_campaign=7525399100990655954","https://www.pythonplumbingab.ca/services-4","https://www.pythonplumbingab.ca/contact-3","https://www.pythonplumbingab.ca/",,"https://www.google.com/maps/search/plumber/@50.855265977028644,-113.88334802444844,13z?hl=en","plumber",,,,"false",,,"Python Plumbing & Heating","5",,"https://www.google.com/maps/search/?api=1&query=Python%20Plumbing%20%26%20Heating&query_place_id=ChIJy-NUsJHeKKcRSUk4lzb1NTQ","https://www.pythonplumbingab.ca/?utm_source=google&utm_medium=wix_google_business_profile&utm_campaign=7525399100990655954",,,,,
,,,,,,,,,,,,,,,"true",,,"true",,"true",,,,,,,,,,,,,,,,,,,,,,,,,,,,,,,,,,,,,,,,,,"3506 118 Ave SE #102, Calgary, AB T2C 0J4, Canada","Plumber",,,,,,,,,,"Plumber",,,"4857249955570476672","Calgary","true","CA",,,,,,,,,,,,"0x53717769a0f8ad5f:0x43686b198b0f6680",,,,"https://streetviewpixels-pa.googleapis.com/v1/thumbnail?panoid=wkxUh5VjlIg602J-nMcpvg&cb_client=search.gws-prod.gps&w=408&h=240&yaw=76.44203&pitch=0&thumbfov=100","1",,,"false","/g/11tcfgf94z","en",,,"50.9474416","-113.9875144",,"Southeast Calgary","Monday","Open 24 hours","Tuesday","Open 24 hours","Wednesday","Open 24 hours","Thursday","Open 24 hours","Friday","Open 24 hours","Saturday","Open 24 hours","Sunday","Open 24 hours","false","+1 403-252-5505","+14032525505",,,,,,,,,,,,,,,,,,,,,,,,,,"ChIJX634oGl3cVMRgGYPixlraEM",,"T2C 0J4",,"35",,,"13","8","0","5","0","0","2026-04-18T17:36:26.993Z",,,,,,"https://www.google.com/maps/search/plumber/@50.94138981351432,-113.88334802444844,13z?hl=en","plumber","Alberta","3506 118 Ave SE #102",,"false",,,"Sundance Plumbing Heating & Gasfitting","3.5",,"https://www.google.com/maps/search/?api=1&query=Sundance%20Plumbing%20Heating%20%26%20Gasfitting&query_place_id=ChIJX634oGl3cVMRgGYPixlraEM",,,,,,
,,,,,,,,,,,,,"true",,,,,,,,,,,,,,"true",,,,,,,,,,,,,,,,,,,,,,,,,,,,,,,,,,,"3142 Glenmore Ct SE, Calgary, AB T2C 2E6, Calgary, AB T0L 1W2, Canada","Plumber","Contractor",,,,,,,,,"Plumber",,,"17430420058216161738","Calgary","false","CA","0",,"jbplumbing.ca","info@jbplumbing.ca",,,,,,"https://www.facebook.com/jbplumbingltd",,"0x53710dce51a1a737:0xf1e54ab14fd161ca",,,,"https://lh3.googleusercontent.com/gps-cs-s/APNQkAEH4qgVfBLl8llNjqt0nEIm8t_YjgAsg8mo4kP3CA4wBByko52b2yX7kVYSld6TTYFj9GgfxfSrRvSZ8CjawDNGSeq1xijbs08eyt5GMjKBJuB6ew76GsUcJl-CHY0SjhGJ7WRE=w408-h306-k-no","28","https://www.instagram.com/jbplumbing_heating",,"false","/g/11fm6g6331","en",,,"50.9808082","-113.9948732",,"Ogden","Monday","Open 24 hours","Tuesday","Open 24 hours","Wednesday","Open 24 hours","Thursday","Open 24 hours","Friday","Open 24 hours","Saturday","Open 24 hours","Sunday","Open 24 hours","false","+1 587-215-6618","+15872156618","587-215-6618","5872156618",,,,,,,,,,"587-215-6618","587.215.6618",,,,,,,,,,,,,"ChIJN6ehUc4NcVMRymHRT7FK5fE",,"T0L 1W2",,"40",,,"20","20","0","0","0","0","2026-04-18T17:36:26.993Z","http://jbplumbing.ca/","http://jbplumbing.ca/about/","http://jbplumbing.ca/about/","http://jbplumbing.ca/contact/","http://jbplumbing.ca/contact/","https://www.google.com/maps/search/plumber/@50.94138981351432,-113.88334802444844,13z?hl=en","plumber","AB","3142 Glenmore Ct SE, Calgary, AB T2C 2E6",,"false",,,"JB Clear Water Mechanical","5",,"https://www.google.com/maps/search/?api=1&query=JB%20Clear%20Water%20Mechanical&query_place_id=ChIJN6ehUc4NcVMRymHRT7FK5fE","http://www.jbplumbing.ca/",,,,,
,,,,,,,,,,,,,,,"true",,,"true",,,,,,,,"true",,"true",,,,,,,,,,,,,,,,,,,,,,,,,,,,,,,,,,,"Plumber","Service establishment",,,,,,,,,"Plumber",,,"9663780895872515856",,"false",,"0",,"plumbingzone.ca",,,,,,,,,"0x5a869b0f71bc2b3:0x861ca5861dafff10",,,,"https://lh3.googleusercontent.com/gps-cs-s/APNQkAFhkcAF_5rXkScDlkIUw_terVyoxCwOhc_1Z4swUpxZKt3A3j5ZhBsnUyuNA04NgRr5wbHWOHvOgjT3UIhui1rVgbsPcMSSaYT7AseqVVGDqRmY7-kkwWGnBltEoZZseAyKplJ6=w408-h544-k-no","2",,,"false","/g/11l6lhw3b2","en",,,"51.0125833","-114.221804",,,"Monday","7:30 AM to 6 PM","Tuesday","7:30 AM to 6 PM","Wednesday","7:30 AM to 6 PM","Thursday","7:30 AM to 6 PM","Friday","7:30 AM to 6 PM","Saturday","Closed","Sunday","Closed","false","+1 825-883-9663","+18258839663",,,,,,,,,,,,,,,,,,,,,,,,,,"ChIJs8Ib97BpqAUREP-vHYalHIY",,,,"18",,,"9",,,,,,"2026-04-18T17:36:26.613Z","http://plumbingzone.ca/",,,,,"https://www.google.com/maps/search/plumber/@50.855265977028644,-113.88334802444844,13z?hl=en","plumber",,,,"false",,,"Plumbing Zone Ltd","5",,"https://www.google.com/maps/search/?api=1&query=Plumbing%20Zone%20Ltd&query_place_id=ChIJs8Ib97BpqAUREP-vHYalHIY","http://plumbingzone.ca/",,,,,
,,,,,,,,,,,,,,,,,,,,,,,,,,,,,,,,,,,,,,,,,,,,,,,,,,,,,,,,,,,,,,"5162 80 Ave S E, Calgary, AB T2C 2X3, Canada","Mechanical contractor",,,,,,,,,,"Mechanical contractor",,,"6394882115201264241","Calgary","false","CA","0",,"lionheadmechanical.com",,,,,,,"https://www.facebook.com/LHMYYC",,"0x537171aa88871c25:0x58bf2f66f911ea71",,,,"https://lh3.googleusercontent.com/gps-cs-s/APNQkAEt1WPUUaS9sj6GmRoN3oGKIx4_U-7qZMUC-WJXso1uCRb1hyk8qlnoniMRgWdGn7aTo851XMsNBniNMPj-PxQPHYqkn-mkXMQtGXrMlSLtSCMEXjZH9XDc0MKezItB8P71CkZxbw=w408-h306-k-no","3",,,"false","/g/11h1ydvf9s","en",,,"50.9807467","-113.9612777",,"Southeast Calgary","Monday","7 AM to 4 PM","Tuesday","7 AM to 4 PM","Wednesday","7 AM to 4 PM","Thursday","7 AM to 4 PM","Friday","7 AM to 4 PM","Saturday","Closed","Sunday","Closed","false","+1 403-245-5466","+14032455466",,,,,,,,,,,,"403 245 5466","403-245-5466","290-8257","403-245-546640",,,,,,,,,,,"ChIJJRyHiKpxcVMRceoR-WYvv1g",,"T2C 2X3",,"39",,,"27","20","0","7","0","0","2026-04-18T17:36:26.993Z","https://lionheadmechanical.com/","https://lionheadmechanical.com/careers/","https://lionheadmechanical.com/#","https://lionheadmechanical.com/","https://lionheadmechanical.com/#home","https://www.google.com/maps/search/plumber/@50.94138981351432,-113.88334802444844,13z?hl=en","plumber","Alberta","5162 80 Ave S E",,"false",,,"Lionhead Mechanical Plumbing & Heating LTD","4",,"https://www.google.com/maps/search/?api=1&query=Lionhead%20Mechanical%20Plumbing%20%26%20Heating%20LTD&query_place_id=ChIJJRyHiKpxcVMRceoR-WYvv1g","https://lionheadmechanical.com/",,,,,
,,,,,,,,,,,,,,,,,,,,,,,,,,"true",,,,,,,,,,,,,,,,,,,,,,,,,,,,,,,,,,,,"612 Auburn Bay Square SE, Calgary, AB T3M 0Y9, Canada","Dry wall contractor",,,,,,,,,,"Dry wall contractor",,,"6617819594724508152","Calgary","false","CA",,,,,,,,,,,,"0x271ac4bcfd2157a3:0x5bd737dbd32c81f8",,,,"https://streetviewpixels-pa.googleapis.com/v1/thumbnail?panoid=bEr8cVwMIIoTGfm-qYlVjw&cb_client=search.gws-prod.gps&w=408&h=240&yaw=103.11276&pitch=0&thumbfov=100","4",,,"false","/g/11q8s25q9k","en",,,"50.8849403","-113.9557864",,"Southeast Calgary","Monday","8 AM to 8 PM","Tuesday","8 AM to 8 PM","Wednesday","8 AM to 8 PM","Thursday","8 AM to 8 PM","Friday","8 AM to 8 PM","Saturday","8 AM to 12:30 PM","Sunday","Closed","false","+1 403-383-1433","+14033831433",,,,,,,,,,,,,,,,,,,,,,,,,,"ChIJo1ch_bzEGicR-IEs09s311s",,"T3M 0Y9",,"16",,,"10",,,,,,"2026-04-18T17:36:26.613Z",,,,,,"https://www.google.com/maps/search/plumber/@50.855265977028644,-113.88334802444844,13z?hl=en","plumber","Alberta","612 Auburn Bay Square SE",,"false",,,"YYC Drywall Inc.","5",,"https://www.google.com/maps/search/?api=1&query=YYC%20Drywall%20Inc.&query_place_id=ChIJo1ch_bzEGicR-IEs09s311s",,,,,,
"true",,,,,"true",,,,,,,,,,"true",,,"true",,,"true","true",,,,"true",,,,"true",,,,,,,,,,,,,,,,,,,,,,,,,,,,,,,,"3185 114 Ave SE, Calgary, AB T2Z 3X2, Canada","Plumber","HVAC contractor",,,,,,,,,"Plumber",,,"17467137357010024019","Calgary","false","CA","0",,"canyonplumbing.com","jobs@canyonplumbing.com","hpratch@canyonplumbing.com","hvacservice@canyonplumbing.com","jsimpson@canyonplumbing.com","service@canyonplumbing.com","showroom@canyonplumbing.com","https://www.facebook.com/canyonpb",,"0x53717741ef39bcfb:0xf267bce19f89b653",,,,"https://lh3.googleusercontent.com/gps-cs-s/APNQkAEGb6w83xgvoZ4FF0NfYpt7iuyRs884nV92V0N27HWQYsf-HJcg9CFFE_2We5jnfZEpXR5xfdfkPXsT8fbCRmAy33U5nWEhHuXzBhYgz8eFzwJN58iULHVyatfrybrzqQwLVTD0Jg=w408-h248-k-no","161","https://instagram.com/canyonph",,"false","/g/1tlqpnvt","en",,,"50.949016","-113.99239",,"Shepard Industrial","Monday","7:30 AM to 4:30 PM","Tuesday","7:30 AM to 4:30 PM","Wednesday","7:30 AM to 4:30 PM","Thursday","7:30 AM to 4:30 PM","Friday","7:30 AM to 4:30 PM","Saturday","Closed","Sunday","Closed","false","+1 403-258-1505","+14032581505","+1(877)877-9957","+14032581505","403-200-9653","403-203-4852","403-203-4856","403-203-4866","403-203-4867","403-203-4878","403-203-4879","403-203-4880","403-203-4896","(403) 258 1505318","+1 (877) 877-9957","3185 114","403 258 1505","403-200-9653","403-203-4852","403-203-4856","403-203-4866","403-203-4867","403-203-4878","403-203-4879","403-203-4880","403-203-4896",,"ChIJ-7w570F3cVMRU7aJn-G8Z_I",,"T2Z 3X2",,"25",,,"487","398","29","47","8","5","2026-04-18T17:36:26.992Z","https://www.canyonplumbing.com/","https://www.canyonplumbing.com/about-us","https://www.canyonplumbing.com/careers","https://www.canyonplumbing.com/contact-us","https://www.canyonplumbing.com/our-team","https://www.google.com/maps/search/plumber/@50.94138981351432,-113.88334802444844,13z?hl=en","plumber","Alberta","3185 114 Ave SE",,"false",,,"Canyon Plumbing & Heating Ltd","4.5",,"https://www.google.com/maps/search/?api=1&query=Canyon%20Plumbing%20%26%20Heating%20Ltd&query_place_id=ChIJ-7w570F3cVMRU7aJn-G8Z_I","http://www.canyonplumbing.com/",,,,,
,,,,,,,,,,,,,,,"true",,,,,,,,,,,,,,,,,,,,,,,,,,,,,,,,,,,,,,,,,,,,,,,,"Plumber","Service establishment",,,,,,,,,"Plumber",,,"11261722569423958368",,"false",,,,,,,,,,,,,"0xc49b47927af06bb:0x9c49ad027d83b160",,,,"https://lh3.googleusercontent.com/gps-cs-s/APNQkAGYuuIeHmgh-Utx4lkMWnvd3RfN6aNk_H8AeL9Z9jJN0Umkis2Q8oVj4ls1NXHpOPxzgFa66Cb2MLji21jzxBjB_fG0sZFRMdkGKg3ExewaGEO2eZHW63jSztAZgEF_CIc-ZWzgeZAYeJc=w408-h544-k-no","2",,,"false","/g/11z5xgf4b0","en",,,"50.8849142","-114.0722118",,,"Monday","Open 24 hours","Tuesday","Open 24 hours","Wednesday","Open 24 hours","Thursday","Open 24 hours","Friday","Open 24 hours","Saturday","Open 24 hours","Sunday","Open 24 hours","false","+1 403-431-7731","+14034317731",,,,,,,,,,,,,,,,,,,,,,,,,,"ChIJuwavJ3m0SQwRYLGDfQKtSZw",,,,"11",,,,,,,,,"2026-04-18T17:36:26.612Z",,,,,,"https://www.google.com/maps/search/plumber/@50.855265977028644,-113.88334802444844,13z?hl=en","plumber",,,,"false",,,"TR. Plumbing & Heating",,,"https://www.google.com/maps/search/?api=1&query=TR.%20Plumbing%20%26%20Heating&query_place_id=ChIJuwavJ3m0SQwRYLGDfQKtSZw",,,,,,
,,,,,,,,,,,,,,,"true",,,,,,,,,,,,,,,,,,,,,,,,,,,,,,,,,,,,,,,,,,,,,,,,"Plumber","Service establishment",,,,,,,,,"Plumber",,,"478366806789713371",,"false",,"0",,"dpandg.ca","tycho@dpandg.ca","tychoplumbing@gmail.com",,,,,"https://www.facebook.com/degrootplumbingandgas",,"0x6622733a3a8270d1:0x6a380138709eddb",,,,"https://lh3.googleusercontent.com/gps-cs-s/APNQkAFqqcBMOrFnPCZfzPMtbGnGf5uFUFnYOv0ydsN3mXiDrfnYyD0neMZDrO0-rIYyTQDgA4yk_w0V8mcWIkudGRoOWftafsRa2wNedT5HTL_GxFjli2DZSB-mSAFrO-f6DmTKldPdnKdCn5M=w408-h541-k-no","76","https://www.instagram.com/degrootplumbingandgas",,"false","/g/11x7qwk844","en",,,"51.092555","-114.0527286",,,"Monday","9 AM to 5 PM","Tuesday","9 AM to 5 PM","Wednesday","9 AM to 5 PM","Thursday","9 AM to 5 PM","Friday","9 AM to 5 PM","Saturday","Closed","Sunday","Closed","false","+1 587-434-0050","+15874340050","5874340050",,,,,,,,,,,"(587) 434-0050",,,,,,,,,,,,,,"ChIJ0XCCOjpzImYR2-0JhxOAowY",,,,"14",,,"11",,,,,,"2026-04-18T17:36:26.613Z","https://dpandg.ca/","https://dpandg.ca/contact-us","https://dpandg.ca/poly-b-replacement","https://dpandg.ca/water-heaters","https://dpandg.ca/","https://www.google.com/maps/search/plumber/@50.855265977028644,-113.88334802444844,13z?hl=en","plumber",,,,"false",,,"de Groot Plumbing and Gas","5",,"https://www.google.com/maps/search/?api=1&query=de%20Groot%20Plumbing%20and%20Gas&query_place_id=ChIJ0XCCOjpzImYR2-0JhxOAowY","https://www.dpandg.ca/",,,,,
,,,,,,,,,,,,,,,"true",,,,,,,,,,,,,,,,,,,,,,,,,,,,,,,,,,,,,,,,,,,,,,,,"Plumber","Drainage service","Service establishment",,,,,,,,"Plumber",,,"7307109438889386668",,"false",,,,,,,,,,,,,"0xab5d39d2eb3e3b95:0x65681151e7e7e2ac",,,,"https://lh3.googleusercontent.com/gps-cs-s/APNQkAEtl9IHySq0iFMOio7640_FI2dpa09ew6vpqhCINo3m_-_fsgqvF1O9M2TcSEo3csztFHXPkpujCDmpjhR7b6AN6E0n5gjGy5AWEx16FgP7AeuUAlye3KrFf-_bZHt6578O6qhn=w408-h548-k-no","27",,,"false","/g/11qr7qzhhf","en",,,"51.0232373","-114.087835",,,"Monday","Open 24 hours","Tuesday","Open 24 hours","Wednesday","Open 24 hours","Thursday","Open 24 hours","Friday","Open 24 hours","Saturday","Open 24 hours","Sunday","Open 24 hours","false","+1 403-354-0019","+14033540019",,,,,,,,,,,,,,,,,,,,,,,,,,"ChIJlTs-69I5XasRrOLn51ERaGU",,,,"7",,,"9",,,,,,"2026-04-18T17:36:26.612Z",,,,,,"https://www.google.com/maps/search/plumber/@50.855265977028644,-113.88334802444844,13z?hl=en","plumber",,,,"false",,,"14 Street Drain Company","5",,"https://www.google.com/maps/search/?api=1&query=14%20Street%20Drain%20Company&query_place_id=ChIJlTs-69I5XasRrOLn51ERaGU",,,,,,
,,,,,,,,,,,,,,,"true",,,,,,,,,,,,,,,,,,,,,,,,,,,,,,,,,,,,,,,,,,,,,,,,"Plumber","Service establishment",,,,,,,,,"Plumber",,,"10667400544077273186",,"false",,,,,,,,,,,,,"0x82bcce70b5a0982f:0x940a3846ca88d862",,,,"https://lh3.googleusercontent.com/gps-cs-s/APNQkAGE82p6126dUsrNYUezzuvW8Bp4rSpw6P-FOTPmwAG4kEcR_1FQ3Sbi0oISpdWS5BhBpmsFZLyxTgriFiVDkYQYeXZD0ce4zE3NaQviz2gqlbbyVei6QnU-NwsXqE0cnbtVKtpX3-uAO5SD=w408-h544-k-no","12",,,"false","/g/11ym9h585y","en",,,"51.0276233","-114.087835",,,"Monday","Open 24 hours","Tuesday","Open 24 hours","Wednesday","Open 24 hours","Thursday","Open 24 hours","Friday","Open 24 hours","Saturday","Open 24 hours","Sunday","Closed","false","+1 825-521-1307","+18255211307",,,,,,,,,,,,,,,,,,,,,,,,,,"ChIJL5igtXDOvIIRYtiIykY4CpQ",,,,"5",,,"14",,,,,,"2026-04-18T17:36:26.612Z",,,,,,"https://www.google.com/maps/search/plumber/@50.855265977028644,-113.88334802444844,13z?hl=en","plumber",,,,"false",,,"Prairie Dog Plumbing","5",,"https://www.google.com/maps/search/?api=1&query=Prairie%20Dog%20Plumbing&query_place_id=ChIJL5igtXDOvIIRYtiIykY4CpQ",,,,,,
,,,,,,,,,"true",,,"true",,"true",,,"true",,,,,,,,,"true",,,,"true","true",,,,,,,,,,,,,,,,,,,,,,,,,,,,,,,"14 Mahogany Passage SE, Calgary, AB T3M 2K6, Canada","Plumber","Air conditioning repair service","Electrical installation service","Furnace parts supplier","Furnace repair service","Furnace store","Gasfitter","Heating equipment supplier","HVAC contractor","Sheet metal contractor","Plumber",,,"664383999022982070","Calgary","false","CA","0",,"purcellheating.ca","services@purcellheating.ca",,,,,,"https://www.facebook.com/PurcellHvac",,"0x826619800ba5d717:0x9385dba2037e3b6",,,,"https://lh3.googleusercontent.com/gps-cs-s/APNQkAH_kMQ_6AMwnoZMXhgUYwKb3bShWMMe6EvwUU0ZAXAyCyTjk8qQhC32XjEMi2XTrVjVszRMNqpTC11uSVT_JbLoNJ8T_yhLgtt4g6myYpwrGtZjwx1vgk5gLT7uYz9pAOElx09A7XxFl1nf=w408-h544-k-no","37","https://www.instagram.com/purcellheatingair","https://www.instagram.com/purcell_heating_and_air_bc","false","/g/11xmntmq3f","en",,,"50.8897662","-113.9380778",,"Mahogany","Monday","7:30 AM to 5:30 PM","Tuesday","7:30 AM to 5:30 PM","Wednesday","7:30 AM to 5:30 PM","Thursday","7:30 AM to 5:30 PM","Friday","7:30 AM to 5:30 PM","Saturday","8:30 AM to 3 PM","Sunday","Closed","false","+1 403-312-9099","+14033129099",,,,,,,,,,,,"(403) 312-9099","(250) 688-9222","0209624",,,,,,,,,,,,"ChIJF9elC4AZZoIRtuM3ILpdOAk",,"T3M 2K6",,"13",,,"78",,,,,,"2026-04-18T17:36:26.613Z","https://www.purcellheating.ca/","https://www.purcellheating.ca/contact-us/","https://www.purcellheating.ca/blogs/","https://www.purcellheating.ca/#content","https://www.purcellheating.ca/alberta-membership-plans/","https://www.google.com/maps/search/plumber/@50.855265977028644,-113.88334802444844,13z?hl=en","plumber","Alberta","14 Mahogany Passage SE",,"false",,,"Purcell Heating and Air Ltd","5",,"https://www.google.com/maps/search/?api=1&query=Purcell%20Heating%20and%20Air%20Ltd&query_place_id=ChIJF9elC4AZZoIRtuM3ILpdOAk","https://www.purcellheating.ca/",,,,,
,,,,,,,,,,,,,,,"true",,,,,,,,,,,,,,,,,,,,,,,,,,,,,,,,,,,,,,,,,,,,,,,"12180 44 St SE Bay 38, Calgary, AB T2Z 4A2, Canada","HVAC contractor","Air conditioning repair service","Furnace repair service","Heating contractor",,,,,,,"HVAC contractor",,,"8542516650540377889","Calgary","false","CA","0",,"generalplumbing.ca","info@generalplumbing.ca",,,,,,"https://www.facebook.com/General-Plumbing-And-Heating-494499587290525",,"0x537179e3cbf61307:0x768d1da22b51a721",,,,"https://lh3.googleusercontent.com/gps-cs-s/APNQkAHHzHwnAXuaYbgm3qMD6FdH3xk9NWzC7z2dBjluhXMkAd4BRS41Fuf1e3Fh1Lgmk9hX0qd_HXECSJ7hrnjimNlri0RvQ7haFzKFscrte-1r1k4LXsEBFkImdD7NSEgYHc1HJ0Sr=w408-h306-k-no","55",,,"false","/g/11cs47pr2c","en",,,"50.941691","-113.9707889",,"East Shepard Industrial","Monday","Open 24 hours","Tuesday","Open 24 hours","Wednesday","Open 24 hours","Thursday","Open 24 hours","Friday","Open 24 hours","Saturday","Open 24 hours","Sunday","Open 24 hours","false","+1 403-390-1115","+14033901115","4033901115","4033529872",,,,,,,,,,"(403) 390-1115","(403) 352-9872",,,,,,,,,,,,,"ChIJBxP2y-N5cVMRIadRK6IdjXY",,"T2Z 4A2",,"29",,,"521","495","13","8","3","2","2026-04-18T17:36:26.992Z","https://generalplumbing.ca/","https://generalplumbing.ca/services/","https://generalplumbing.ca/contact/","https://generalplumbing.ca/","https://generalplumbing.ca/boiler-hydronic-systems/","https://www.google.com/maps/search/plumber/@50.94138981351432,-113.88334802444844,13z?hl=en","plumber","Alberta","12180 44 St SE Bay 38",,"false",,,"Alberta General Plumbing","4.9","https://twitter.com/GeneralPlumbin1","https://www.google.com/maps/search/?api=1&query=Alberta%20General%20Plumbing&query_place_id=ChIJBxP2y-N5cVMRIadRK6IdjXY","https://generalplumbing.ca/",,,,,
,,,,,,,,,,,,,,,"true",,,,,,,,,,,,,,,,,,,,,,,,,,,,,,,,,,,,,,,,,,,,,,,,"Plumber","Service establishment",,,,,,,,,"Plumber",,,"15943760932764398022",,"false",,"0",,"serenityvalleyplumbing.ca","info@serenityvalleyplumbing.ca",,,,,,"https://www.facebook.com/serenityvalleyplumbing",,"0x60ae82b949c7fcaf:0xdd439e183d2c31c6",,,,"https://lh3.googleusercontent.com/gps-cs-s/APNQkAEcvCx6vTgXE30NAl26BQeCZ6W_pkYmA6La3RqVjp1vK4p6_SlugztIy4QGbTl87nV-e13HVPUnKHybYBiMlmQE1-KXgqGUR1HpwXsWP5tON17wHKE3gUfA3ygcipBH4EFEChWnzLdFtDMl=w408-h544-k-no","4","https://www.instagram.com/serenityvalleyplumbing",,"false","/g/11mzs7h7bq","en",,,"51.0276233","-114.087835",,,"Monday","9 AM to 5 PM","Tuesday","9 AM to 5 PM","Wednesday","9 AM to 5 PM","Thursday","9 AM to 5 PM","Friday","9 AM to 5 PM","Saturday","9 AM to 5 PM","Sunday","9 AM to 5 PM","false","+1 587-999-2014","+15879992014",,,,,,,,,,,,"396145858358709","1772672058628","43180045","1774716880553","(587) 999-2014","1656615088309",,,,,,,,,"ChIJr_zHSbmCrmARxjEsPRieQ90",,,,"10",,,"4",,,,,,"2026-04-18T17:36:26.612Z","http://www.serenityvalleyplumbing.ca/","http://www.serenityvalleyplumbing.ca/contact","http://www.serenityvalleyplumbing.ca/about","http://www.serenityvalleyplumbing.ca/#page","http://www.serenityvalleyplumbing.ca/","https://www.google.com/maps/search/plumber/@50.855265977028644,-113.88334802444844,13z?hl=en","plumber",,,,"false",,,"Serenity Valley Plumbing","5",,"https://www.google.com/maps/search/?api=1&query=Serenity%20Valley%20Plumbing&query_place_id=ChIJr_zHSbmCrmARxjEsPRieQ90","http://serenityvalleyplumbing.ca/",,,,,
,,,,,,,,,,,,,,,"true",,,"true",,,"true","true",,,,"true",,,,"true",,,,,,,,,,,,,,,,,,,,,,,,,,,,,,,,"125 Mahogany St S E Unit 101, Calgary, AB T3M 0T2, Canada","Plumber","Air conditioning contractor","Air conditioning repair service","Furnace repair service","Gas installation service","Gasfitter","Heating contractor","HVAC contractor","Sheet metal contractor",,"Plumber",,,"2072575069777987683","Calgary","false","CA","0",,"kanmechanical.com","info@kanmechanical.com",,,,,,"https://www.facebook.com/profile.php?id=100071280872584",,"0x24f07e676e7a3c3f:0x1cc3440b84728863",,,,"https://lh3.googleusercontent.com/gps-cs-s/APNQkAEvPSRzMDtLTVrX7NZ43J-eG7TNsymhhUpCYxEGHnFpF28E4BqP3FlCBCRbU5EfcxC2tBUPw92LoNw13sWwrJeAQMrDtCvKqcBQcpbyDuZidsstExM9Y7FC-11R6ardQZSWH4F_1A2qMkNF=w408-h544-k-no","28","https://www.instagram.com/kan.mechanical",,"false","/g/11sx3mw5zl","en","https://www.linkedin.com/company/kan-mechanical-inc",,"50.8962234","-113.9400124",,"Mahogany","Monday","Open 24 hours","Tuesday","Open 24 hours","Wednesday","Open 24 hours","Thursday","Open 24 hours","Friday","Open 24 hours","Saturday","Open 24 hours","Sunday","Closed","false","+1 403-383-0063","+14033830063","(403)383-0063","(403) 383-0063",,,,,,,,,,"(403) 383-0063",,,,,,,,,,,,,,"ChIJPzx6bmd-8CQRY4hyhAtEwxw",,"T3M 0T2",,"19",,,"110",,,,,,"2026-04-18T17:36:26.142Z","https://kanmechanical.com/","https://kanmechanical.com/contact-us/","https://kanmechanical.com/about/","https://kanmechanical.com/careers/","https://kanmechanical.com/blog/","https://www.google.com/maps/search/plumber/@50.94138981351432,-113.88334802444844,13z?hl=en","plumber","Alberta","125 Mahogany St S E Unit 101",,"false",,,"KAN Mechanical Plumbing & Heating","4.8",,"https://www.google.com/maps/search/?api=1&query=KAN%20Mechanical%20Plumbing%20%26%20Heating&query_place_id=ChIJPzx6bmd-8CQRY4hyhAtEwxw","http://kanmechanical.com/",,,,,
,,,,,,,,,,,,,,,,,,,,,,,,,,,,,,,,,,,,,,,,,,,,,,,,,,,,,,,,,,,,,,"4150 Seton Dr SE #404, Calgary, AB T3M 3C7, Canada","Mechanical contractor","Home builder",,,,,,,,,"Mechanical contractor",,,"3771738947832254970","Calgary","false","CA","0",,"modernmechanicalservices.ca","filler@godaddy.com",,,,,,,,"0x53719d7176b2bda7:0x3457e896eb0c11fa",,,,"https://lh3.googleusercontent.com/gps-cs-s/APNQkAEb2b2zjCH50weWOas4O_fIzPctRHbiKg4AME3aBKjjkSZyvfJ2H8mfSky9OiWs1y-3dLCOT1RLAuQWQieWi6Ah0e_oe_kqDQXGRwRjEcozMX5-VgnPsaW8ck3lYQS4GTxSQZr0=w408-h544-k-no","74",,,"false","/g/11qnwsyqk9","en",,,"50.8770499","-113.9506",,"Southeast Calgary","Monday","8 AM to 5 PM","Tuesday","8 AM to 5 PM","Wednesday","8 AM to 5 PM","Thursday","8 AM to 5 PM","Friday","8 AM to 5 PM","Saturday","Closed","Sunday","Closed","false","+1 587-436-9108","+15874369108","15874369108",,,,,,,,,,,"587-436-9108","404-4150",,,,,,,,,,,,,"ChIJp72ydnGdcVMR-hEM65boVzQ",,"T3M 3C7",,"3",,,"101",,,,,,"2026-04-18T17:36:26.612Z","https://modernmechanicalservices.ca/","https://modernmechanicalservices.ca/contact-us","https://modernmechanicalservices.ca/m/create-account","https://modernmechanicalservices.ca/m/login?r=%2Fm%2Faccount","https://modernmechanicalservices.ca/#","https://www.google.com/maps/search/plumber/@50.855265977028644,-113.88334802444844,13z?hl=en","plumber","Alberta","4150 Seton Dr SE #404",,"false",,,"Modern Mechanical Services","5",,"https://www.google.com/maps/search/?api=1&query=Modern%20Mechanical%20Services&query_place_id=ChIJp72ydnGdcVMR-hEM65boVzQ","https://modernmechanicalservices.ca/","https://wa.me/15874369108",,,,
,,"false",,,,,"false","true","true",,,"true",,,"true",,,"true",,,"true","true",,,,"true",,,,"true","true",,,,,,,,,,,,,,,,,,,,,,,,,,,,,,,"4063 74 Ave SE Unit 5, Calgary, AB T2C 2H9, Canada","Plumber","Drainage service","HVAC contractor",,,,,,,,"Plumber",,,"13884731922163014651","Calgary","false","CA","0",,"ace-plumbing.ca",,,,,,,"https://www.facebook.com/Aceplumbingcalgary",,"0x53717a10fda669f7:0xc0b07a1e660d9bfb",,,,"https://lh3.googleusercontent.com/gps-cs-s/APNQkAF8ohYlD_vzR7_M8_mv7tGlMjYsUfL-83WYUFwtvKVavpqKKUh5qxNbQJgQ1UziPDvHQVks4pUvLiNytmFFNKECtul7i5KvNdtZSqWGVTrpmwsu1Sd2525u77sc2fKibDVeCdBJHQ=w408-h271-k-no","45","https://www.instagram.com/aceplumbingyyc",,"false","/g/1tr9n2s8","en",,,"50.9876977","-113.9776616",,"Southeast Calgary","Monday","Open 24 hours","Tuesday","Open 24 hours","Wednesday","Open 24 hours","Thursday","Open 24 hours","Friday","Open 24 hours","Saturday","Open 24 hours","Sunday","Open 24 hours","false","+1 403-917-1177","+14039171177","587-317-2760",,,,,,,,,,,"587-317-2760","587-317-2958",,,,,,,,,,,,,"ChIJ92mm_RB6cVMR-5sNZh56sMA",,"T2C 2H9",,"20",,,"738",,,,,,"2026-04-18T17:36:26.142Z","https://www.ace-plumbing.ca/","https://www.ace-plumbing.ca/contact/schedule-service","https://www.ace-plumbing.ca/contact/careers","https://www.ace-plumbing.ca/contact/free-quote","https://www.ace-plumbing.ca/contact/message","https://www.google.com/maps/search/plumber/@50.94138981351432,-113.88334802444844,13z?hl=en","plumber","Alberta","4063 74 Ave SE Unit 5",,"false",,,"Ace Plumbing and Heating","4.6","https://twitter.com/AcePlumbing","https://www.google.com/maps/search/?api=1&query=Ace%20Plumbing%20and%20Heating&query_place_id=ChIJ92mm_RB6cVMR-5sNZh56sMA","https://ace-plumbing.ca/",,"https://www.youtube.com/watch?v=eJ_NtfeM9nQ",,,
,,,,,,,,,,,,,,,"true",,,"true",,,"true",,,,,"true",,,,"true",,,,,,,,,,,,,,,,,,,,,,,,,,,,,,,,"81 Masters St SE, Calgary, AB T3M 2R7, Canada","Plumber","Bathroom remodeler","Drainage service","Furnace repair service","Gasfitter","Water softening equipment supplier",,,,,"Plumber",,,"7681717763336104074","Calgary","false","CA","0",,"integrityplumbingyyc.ca","info@integrityplumbingyyc.ca","info@mysite.com",,,,,"https://www.facebook.com/integrityplumbingsolution","facebook.com/integrityplumbingsolution","0x49cd8ae9356db7cb:0x6a9af19b3474e88a",,,,"https://lh3.googleusercontent.com/gps-cs-s/APNQkAFLWO96Y87FSxJP_ij98A7mfcFtoLKdCqtxKxTQ8OaGH6y68EWfp9LS84u-vNbYcVAg039PtpU5c-ORZj6ut5dHvy6PH4pOVoV5RA3-df8O7aLi8FfDsDo6C0X_85mL6-DwMSqgpSHYYh26=w408-h510-k-no","77","https://www.instagram.com/integrityplumbing24",,"false","/g/11yk49p65d","en",,,"50.8952392","-113.908637",,"Mahogany","Monday","Open 24 hours","Tuesday","Open 24 hours","Wednesday","Open 24 hours","Thursday","Open 24 hours","Friday","Open 24 hours","Saturday","Open 24 hours","Sunday","Open 24 hours","false","+1 403-307-0760","+14033070760","+14033070760","1234567890",,,,,,,,,,"403-307-0760","123-456-7890",,,,,,,,,,,,"https://www.pinterest.com/integrityplumbing24","ChIJy7dtNemKzUkRiuh0NJvxmmo",,"T3M 2R7",,"2",,,"140",,,,,,"2026-04-18T17:36:26.612Z","https://www.integrityplumbingyyc.ca/","https://www.integrityplumbingyyc.ca/contact-us","https://www.integrityplumbingyyc.ca/blog","https://www.integrityplumbingyyc.ca/about-us","https://www.integrityplumbingyyc.ca/","https://www.google.com/maps/search/plumber/@50.855265977028644,-113.88334802444844,13z?hl=en","plumber","Alberta","81 Masters St SE",,"false","https://www.tiktok.com/@yourplumberyyc",,"Integrity Plumbing Solutions","5","https://x.com/integrity_plumb","https://www.google.com/maps/search/?api=1&query=Integrity%20Plumbing%20Solutions&query_place_id=ChIJy7dtNemKzUkRiuh0NJvxmmo","https://www.integrityplumbingyyc.ca/",,,,,
"true",,,,,,,,,,,,,,,"true",,,"true",,,"true","true",,,,,"true",,"false",,,,,"Monday","9 AM–6 PM","Tuesday","9 AM–6 PM","Wednesday","9 AM–6 PM","Thursday","9 AM–6 PM","Friday","9 AM–6 PM","Saturday","10 AM–4 PM","Sunday","10 AM–4 PM",,,,,,,,,,,,,,,"14, 4550 112 Avenue Southeast, Calgary, AB T2C 2K2, Canada","Plumber","Electrician","Furnace repair service","HVAC contractor",,,,,,,"Plumber",,,"6111861913001054238","Calgary","false","CA","0",,"petetheplumber.com",,,,,,,"https://www.facebook.com/PeteThePlumberCalgary",,"0x537177605ba73c6d:0x54d1b20720aad01e",,,,"https://lh3.googleusercontent.com/gps-cs-s/APNQkAH0M1xpiOd8H2ylnD2xnhX4ZryZ2KkKijXSkNjQoGTTOA3O7xCfNTXF3At-657qHCX6lmJnV3cuyTJkTcG33Fx3Gyd-fFnfe-OCZEqFWlTqQAo3eSFSeid-P8iy7NEVHmWWjKtK4Q=w408-h272-k-no","78",,,"false","/g/1tff78t8","en",,,"50.9521196","-113.970737",,"East Shepard Industrial","Monday","Open 24 hours","Tuesday","Open 24 hours","Wednesday","Open 24 hours","Thursday","Open 24 hours","Friday","Open 24 hours","Saturday","Open 24 hours","Sunday","Open 24 hours","false","+1 403-257-1766","+14032571766","+14032571766","4032571766","403 257 1766",,,,,,,,,"403-257-1766","(403) 257-1766","4550 112","(403) 257-1736","403 257 1766",,,,,,,,,,"ChIJbTynW2B3cVMRHtCqIAey0VQ",,"T2C 2K2",,"16",,,"1503",,,,,,"2026-04-18T17:36:26.141Z","https://www.petetheplumber.com/","https://www.petetheplumber.com/contact/","https://www.petetheplumber.com/#","https://www.petetheplumber.com/","https://www.petetheplumber.com/blog/","https://www.google.com/maps/search/plumber/@50.94138981351432,-113.88334802444844,13z?hl=en","plumber","AB","14, 4550 112 Avenue Southeast",,"false",,,"Pete the Plumber","4.5","https://twitter.com/Petetheplumber8","https://www.google.com/maps/search/?api=1&query=Pete%20the%20Plumber&query_place_id=ChIJbTynW2B3cVMRHtCqIAey0VQ","https://www.petetheplumber.com/",,"youtube.com/vi","https://www.youtube.com/watch?v=ItPGEeQSyQE","https://www.youtube.com/embed/ItPGEeQSyQE","https://www.youtube.com/c/PeteThePlumberCalgary"
,,,,,,,,,,,,,,,"true",,,"true",,,,,,,,"true",,,,,,,,,,,,,,,,,,,,,,,,,,,,,,,,,,,,,"Plumber","Drainage service","Service establishment","Hot water system supplier",,,,,,,"Plumber",,,"11664823811147431649",,"false",,"0",,"drdplumbing.com",,,,,,,,,"0x53717777d77b7687:0xa1e1c7740ef5fee1",,,,"https://lh3.googleusercontent.com/gps-cs-s/APNQkAFmgMgJCvbcQykyiiMN0GMShgLh2VxUnHVo_sauyfor7PC3gfHajiZ1nrQqp4wW53wiQ_K9svQtiqOdDHDwb623dhz7DPztm9XQBXoIaQ8ZbO8w9OCQqqWREOFbJb50kOVRmZ-p=w408-h612-k-no","8",,,"false","/g/11b5wm7vxt","en",,,"51.0125833","-114.1924194",,,"Monday","Open 24 hours","Tuesday","Open 24 hours","Wednesday","Open 24 hours","Thursday","Open 24 hours","Friday","Open 24 hours","Saturday","Open 24 hours","Sunday","Open 24 hours","false","+1 403-807-3356","+14038073356",,,,,,,,,,,,"403.807.3356","403.279.3078",,,,,,,,,,,,,"ChIJh3Z713d3cVMR4f71DnTH4aE",,,,"11",,,"31",,,,,,"2026-04-18T17:36:26.139Z","http://drdplumbing.com/","http://drdplumbing.com/contact.html","http://drdplumbing.com/index.html","http://drdplumbing.com/products.html","http://drdplumbing.com/services.html","https://www.google.com/maps/search/plumber/@50.94138981351432,-113.88334802444844,13z?hl=en","plumber",,,,"false",,,"DRD Plumbing Ltd","4.8",,"https://www.google.com/maps/search/?api=1&query=DRD%20Plumbing%20Ltd&query_place_id=ChIJh3Z713d3cVMR4f71DnTH4aE","http://drdplumbing.com/",,,,,
,,,,,,,,,,,,,,,"true",,,"true",,"true",,,,,,,,,,,,,,,,,,,,,,,,,,,,,,,,,,,,,,,,,,"14 Prestwick Way SE, Calgary, AB T2Z 3L9, Canada","Plumber",,,,,,,,,,"Plumber",,,"9728054486738027758","Calgary","false","CA","0",,"calgaryplumbing.net",,,,,,,"https://www.facebook.com/plumbingcalgary",,"0x53717790ce0b0163:0x8700fe03a5aa44ee",,,,"https://lh3.googleusercontent.com/gps-cs-s/APNQkAHse0tkhAdRwp1jJjq6IDlQRVulBeTkgyEtJQKyYAuhunvWOZ5CBgfukzJyXoDl-nZ5cJ08kr6gSoX0pc4CApsO90ap97IU_8cr6BubXVw4eCLKh6m3F6Fy47YqSQBNE1MWf_8=w408-h278-k-no","208","https://www.instagram.com/180plumbingheating",,"false","/g/11f_f6djsr","en",,,"50.9199414","-113.9643885",,"Southeast Calgary","Monday","8 AM to 4:30 PM","Tuesday","8 AM to 4:30 PM","Wednesday","8 AM to 4:30 PM","Thursday","8 AM to 4:30 PM","Friday","8 AM to 4:30 PM","Saturday","Closed","Sunday","Closed","false","+1 587-804-8694","+15878048694","+14034049975",,,,,,,,,,,"(403) 404-9975","(403) 404-997514",,,,,,,,,,,,,"ChIJYwELzpB3cVMR7kSqpQP-AIc",,"T2Z 3L9",,"15",,,"191",,,,,,"2026-04-18T17:36:26.141Z","https://calgaryplumbing.net/?utm_source=gmb&utm_medium=organic-gmb&utm_campaign=google-my-business&utm_id=gmb","https://calgaryplumbing.net/careers/","https://calgaryplumbing.net/contact/","https://calgaryplumbing.net/","https://calgaryplumbing.net/annual-care-plan/","https://www.google.com/maps/search/plumber/@50.94138981351432,-113.88334802444844,13z?hl=en","plumber","Alberta","14 Prestwick Way SE",,"false",,,"180 Plumbing & Heating","5",,"https://www.google.com/maps/search/?api=1&query=180%20Plumbing%20%26%20Heating&query_place_id=ChIJYwELzpB3cVMR7kSqpQP-AIc","https://calgaryplumbing.net/?utm_source=gmb&utm_medium=organic-gmb&utm_campaign=google-my-business&utm_id=gmb",,,,,
,,,,,,,,,,,,,,,"true",,,"true",,,,,,,,,"true",,,,,,,,,,,,,,,,,,,,,,,,,,,,,,,,,,,"282 Copperstone Grove SE, Calgary, AB T2Z 4X9, Canada","Plumber",,,,,,,,,,"Plumber",,,"14033922213182944233","Calgary","false","CA","0",,"route88plumbing.ca","contact@route88plumbing.ca","route88plumbing@gmail.com",,,,,,,"0x53717755079c186b:0xc2c281e5e23bb3e9",,,,"https://lh3.googleusercontent.com/gps-cs-s/APNQkAHs78HzC42FVhhICAW3v2f-O1OaoGsGBbm6pkuGoJPYjKB2m2XfakgynZ-hLs1kYXKCXgJqBG2xEu53FboGAtEzYqt7p28oUsSih62fswveoQ6eTLtmBoh6QEq44IJIb7n3U3fQZDpRjQkC=w408-h544-k-no","12",,,"false","/g/11m5d5hgj3","en",,,"50.9090924","-113.9309897",,"Copperfield","Monday","Open 24 hours","Tuesday","Open 24 hours","Wednesday","Open 24 hours","Thursday","Open 24 hours","Friday","Open 24 hours","Saturday","Open 24 hours","Sunday","Open 24 hours","false","+1 587-223-9661","+15872239661",,,,,,,,,,,,"587-223-9661",,,,,,,,,,,,,,"ChIJaxicB1V3cVMR6bM74uWBwsI",,"T2Z 4X9",,"8",,,"23",,,,,,"2026-04-18T17:36:26.139Z","https://route88plumbing.ca/","https://route88plumbing.ca/","https://route88plumbing.ca/#",,,"https://www.google.com/maps/search/plumber/@50.94138981351432,-113.88334802444844,13z?hl=en","plumber","Alberta","282 Copperstone Grove SE",,"false",,,"Route 88 Plumbing Ltd","5",,"https://www.google.com/maps/search/?api=1&query=Route%2088%20Plumbing%20Ltd&query_place_id=ChIJaxicB1V3cVMR6bM74uWBwsI","https://route88plumbing.ca/",,,,,
,,,,,,,,,"true",,,"true",,,"true",,,"true",,"true",,,,,,,"true","true",,,,,,,,,,,,,,,,,,,,,,,,,,,,,,,,,,"11010 46 St SE unit 16, Calgary, AB T2C 2Y6, Canada","Plumber","Furnace repair service","Gasfitter","Heating contractor","HVAC contractor","Water testing service",,,,,"Plumber",,,"6686010918218803988","Calgary","false","CA","0",,"alpha-plumbing.ca",,,,,,,"https://www.facebook.com/alphaplumbingyyc",,"0x53717823d20a4daf:0x5cc97b8190d0ab14",,,,"https://lh3.googleusercontent.com/gps-cs-s/APNQkAFTG0HAy8wgBIDdMPGOOFlrPra6yjJ4evHIep3r_Btj0PAQfEWyDIBhHnfRawtjY8XnbMx9HUhf6nuGWsYhq8W6VPL02MlcxiJYdj6h3pi5WcTmEAYg9RQmB3XEQNntE_JxkXdYcWspNgQ=w408-h306-k-no","111","https://www.instagram.com/alphaplumbingyyc",,"false","/g/11b7q8bn32","en","https://www.linkedin.com/company/alpha-plumbing-ltd",,"50.9557536","-113.9680543",,"East Shepard Industrial","Monday","8 AM to 8 PM","Tuesday","8 AM to 8 PM","Wednesday","8 AM to 8 PM","Thursday","8 AM to 8 PM","Friday","8 AM to 4 PM","Saturday","8 AM to 4 PM","Sunday","Closed","false","+1 403-768-1622","+14037681622","+14034705785",,,,,,,,,,,"403-470-5785","(403) 470-5785",,,,,,,,,,,,,"ChIJr00K0iN4cVMRFKvQkIF7yVw",,"T2C 2Y6",,"12",,,"585",,,,,,"2026-04-18T17:36:26.139Z","https://alpha-plumbing.ca/?utm_campaign=gmb","https://alpha-plumbing.ca/plumbing/low-water-pressure-repair/","https://alpha-plumbing.ca/careers/","https://alpha-plumbing.ca/maintenance-membership-contact-form/","https://alpha-plumbing.ca/contact/","https://www.google.com/maps/search/plumber/@50.94138981351432,-113.88334802444844,13z?hl=en","plumber","Alberta","11010 46 St SE unit 16",,"false",,,"Alpha Plumbing","4.8",,"https://www.google.com/maps/search/?api=1&query=Alpha%20Plumbing&query_place_id=ChIJr00K0iN4cVMRFKvQkIF7yVw","https://alpha-plumbing.ca/?utm_campaign=gmb",,"https://www.youtube.com/channel/UCFZxXcaxMWpfrdsc6Gswnng","https://www.youtube.com/embed/g5GXGrezsso",,
,,,,,,,,,,,,,,,,,,,,,,,,"true",,,"true",,,,,,,,,,,,,,,,,,,,,,,,,,,,,,,,,,,"12221 44 St SE Unit 30, Calgary, AB T2Z 4H3, Canada","Plumber","Heating contractor","Furnace repair service",,,,,,,,"Plumber",,,"6591965122995114063","Calgary","false","CA","0",,"neptuneplumbing.ca","neptune@neptuneplumbing.ca",,,,,,"https://www.facebook.com/neptuneplumbingandheating",,"0x537170e63d0f7d47:0x5b7b5d5a87e3504f",,,,"https://lh3.googleusercontent.com/gps-cs-s/APNQkAG5gVZ5OiqK8ugAi6rnGNiLcWjZP9JyvSCK1dZX9xd7_3Y2BFczrknYHohfl7XTQr36aumlDYSG81zcZUZir7qnmCLUmcrhof4lp18am8lewYLOsMMm5ysTlgW6AD7K-sxd7S9u=w408-h544-k-no","31",,,"false","/g/1v_w20vk","en",,,"50.9409058","-113.9721982",,"East Shepard Industrial","Monday","Open 24 hours","Tuesday","Open 24 hours","Wednesday","Open 24 hours","Thursday","Open 24 hours","Friday","Open 24 hours","Saturday","Open 24 hours","Sunday","Open 24 hours","false","+1 403-255-7938","+14032557938","403-255-7938",,,,,,,,,,,"403-255-7938","30 12221",,,,,,,,,,,,,"ChIJR30PPeZwcVMRT1Djh1pde1s",,"T2Z 4H3",,"10",,,"815",,,,,,"2026-04-18T17:36:26.139Z","https://www.neptuneplumbing.ca/","https://www.neptuneplumbing.ca/contact-us","https://www.neptuneplumbing.ca/about-us","https://www.neptuneplumbing.ca/our-programs","https://www.neptuneplumbing.ca/blogs","https://www.google.com/maps/search/plumber/@50.94138981351432,-113.88334802444844,13z?hl=en","plumber","Alberta","12221 44 St SE Unit 30",,"false",,,"Neptune Plumbing & Heating Ltd","4.8",,"https://www.google.com/maps/search/?api=1&query=Neptune%20Plumbing%20%26%20Heating%20Ltd&query_place_id=ChIJR30PPeZwcVMRT1Djh1pde1s","http://neptuneplumbing.ca/",,,,,
,,,,,,,,,,,,,,,"true",,,"true",,,,,,,,,,,,,,,,,,,,,,,,,,,,,,,,,,,,,,,,,,,,"180 Copperstone Gardens SE, Calgary, AB T2Z 0R8, Canada","Plumber","Furnace repair service","Gasfitter","Heating contractor","HVAC contractor",,,,,,"Plumber",,,"17190292920924658754","Calgary","false","CA","0",,"shawmannplumbing.com","info@shawmannplumbing.ca","info@shawmannplumbing.com",,,,,,,"0xaf3a1b1b24afa10b:0xee90305560a05c42",,,,"https://lh3.googleusercontent.com/gps-cs-s/APNQkAHQf-O615bX7Ppgg2CRa_21x_b5tARvPBLrjTygS-1HAo-dDFclAuamdG6dT46gMBScpJbIv5JTwb4M_-mw3P69dG9RCNSB7kuROJs2TjVVOO7idD0a3MNcvSAWNRhR1jmZNmDXj_2_2IhI=w408-h544-k-no","25",,,"false","/g/11yl6jh070","en",,,"50.918431","-113.921669",,"Copperfield","Monday","Open 24 hours","Tuesday","Open 24 hours","Wednesday","Open 24 hours","Thursday","Open 24 hours","Friday","Open 24 hours","Saturday","Open 24 hours","Sunday","Open 24 hours","false","+1 587-325-5646","+15873255646",,,,,,,,,,,,"325-5646","(587) 325-5646",,,,,,,,,,,,,"ChIJC6GvJBsbOq8RQlygYFUwkO4",,"T2Z 0R8",,"4",,,"67",,,,,,"2026-04-18T17:36:26.138Z","https://shawmannplumbing.com/","https://shawmannplumbing.com/about-us/","https://shawmannplumbing.com/contact-us/","https://shawmannplumbing.com/faqs/","https://shawmannplumbing.com/","https://www.google.com/maps/search/plumber/@50.94138981351432,-113.88334802444844,13z?hl=en","plumber","Alberta","180 Copperstone Gardens SE",,"false",,,"Shawmann Plumbing and Heating Ltd","5",,"https://www.google.com/maps/search/?api=1&query=Shawmann%20Plumbing%20and%20Heating%20Ltd&query_place_id=ChIJC6GvJBsbOq8RQlygYFUwkO4","http://www.shawmannplumbing.com/",,,,,
,,,,,,,,,,,,,,,"true",,,"true",,"true",,,,,,"true",,"true",,,,,,,,,,,,,,,,,,,,"Monday","Open 24 hours","Tuesday","Open 24 hours","Wednesday","Open 24 hours","Thursday","Open 24 hours","Friday","Open 24 hours","Saturday","Open 24 hours","Sunday","Open 24 hours","356 Copperstone Grove SE, Calgary, AB T2Z 4X9, Canada","Plumber","Furnace repair service","Furnace store","Hot water system supplier",,,,,,,"Plumber",,,"14454191919145414201","Calgary","false","CA","0",,"bpplumbingandheating.ca","info@bpplumbingandheating.ca",,,,,,"https://www.facebook.com/Blue-Planet-Plumbing-Heating-Drains-Calgary",,"0x537168971bd44217:0xc8979af807fbee39",,,,"https://lh3.googleusercontent.com/gps-cs-s/APNQkAF7xSLe51YJBQhn9G-J5EqVQYytcXcUbqlEJWVFGC_-HEbn4Dt-4e8lcO63LGNk975ZBhwxfuYX8XEFX2eAU1GGnAWffTtQKpDxFkaPEQW4iRLYmWKl9EyWsjdX_YjvuH5AjRM=w408-h544-k-no","11",,,"false","/g/11gf5v4z34","en","https://www.linkedin.com/in/jason-buckley-061542144",,"50.90913","-113.930164",,"Copperfield","Monday","Open 24 hours","Tuesday","Open 24 hours","Wednesday","Open 24 hours","Thursday","Open 24 hours","Friday","Open 24 hours","Saturday","Open 24 hours","Sunday","Open 24 hours","false","+1 587-575-2583","+15875752583","587-575-2583","403-903-4781",,,,,,,,,,"(587) 575-2583","587-575-2583",,,,,,,,,,,,,"ChIJF0LUG5docVMROe77B_ial8g",,"T2Z 4X9",,"3",,,"52",,,,,,"2026-04-18T17:36:26.136Z","https://bpplumbingandheating.ca/","https://bpplumbingandheating.ca/index.html","https://bpplumbingandheating.ca/contact.html","https://bpplumbingandheating.ca/plumbing.html","https://bpplumbingandheating.ca/heating.html","https://www.google.com/maps/search/plumber/@50.94138981351432,-113.88334802444844,13z?hl=en","plumber","Alberta","356 Copperstone Grove SE",,"false",,,"Blue Planet Plumbing Heating & Drains","4.8",,"https://www.google.com/maps/search/?api=1&query=Blue%20Planet%20Plumbing%20Heating%20%26%20Drains&query_place_id=ChIJF0LUG5docVMROe77B_ial8g","http://www.bpplumbingandheating.ca/",,,,,
,,,,,,,,,,,,,,,"true",,,,,,,,,,,"true",,,,,,,,,,,,,,,,,,,,,,,,,,,,,,,,,,,,"10861 50 St SE Suite 201, Calgary, AB T2C 3E5, Canada","Plumber","Air conditioning contractor","Air conditioning repair service","Boiler supplier","Drainage service","Electrician","Furnace repair service","Heating contractor","Heating equipment supplier","HVAC contractor","Plumber",,,"14324487035137290767","Calgary","false","CA","0",,"knightplumbing.ca",,,,,,,"https://www.facebook.com/KnightPlumbingHeatingandAirConditioning",,"0x537179e7569b9b65:0xc6cacd10670bf20f",,,,"https://lh3.googleusercontent.com/gps-cs-s/APNQkAHQSB2rT-wpP9XGQ1tf5U14nksZ-31HOz8EEc39TQnKfjJ3tqAHzNxgIO1SDPpKi1HMkiIqVSuNXrGphn9GQ_SRIif1w8I_JejSUL4azrSCHQLH-iZtomGw9feuZJMJKS_JoHs=w408-h544-k-no","1999","https://www.instagram.com/knightinstalls",,"false","/g/1th23gs0","en","https://ca.linkedin.com/company/knight-plumbing-heating",,"50.9564328","-113.962353",,"East Shepard Industrial","Monday","Open 24 hours","Tuesday","Open 24 hours","Wednesday","Open 24 hours","Thursday","Open 24 hours","Friday","Open 24 hours","Saturday","Open 24 hours","Sunday","Open 24 hours","false","+1 587-317-1583","+15873171583","(587) 317-2535",,,,,,,,,,,"(587) 317-2535","50.956432","79999999","113.962353","587-317-2535",,,,,,,,,,"ChIJZZubVud5cVMRD_ILZxDNysY",,"T2C 3E5",,"5",,,"5185",,,,,,"2026-04-18T17:36:26.138Z","https://www.knightplumbing.ca/?utm_source=google&utm_medium=gmb&utm_campaign=Knight-gmb&se_campaign=Knight%20-%20GMB","https://www.knightplumbing.ca/about-us/","https://www.knightplumbing.ca/offers/","https://www.knightplumbing.ca/blog/","https://www.knightplumbing.ca/","https://www.google.com/maps/search/plumber/@50.94138981351432,-113.88334802444844,13z?hl=en","plumber","Alberta","10861 50 St SE Suite 201",,"false",,,"Knight Plumbing, Heating & Air Conditioning","4.8","https://twitter.com/knightheatplumb","https://www.google.com/maps/search/?api=1&query=Knight%20Plumbing%2C%20Heating%20%26%20Air%20Conditioning&query_place_id=ChIJZZubVud5cVMRD_ILZxDNysY","https://www.knightplumbing.ca/?utm_source=google&utm_medium=gmb&utm_campaign=Knight-gmb&se_campaign=Knight%20-%20GMB",,"https://www.youtube.com/@knightplumbingheatingandhv1235","https://www.youtube.com/embed/05wYSajFAvE",,
,,,,,,,,,,,,,,,"true",,,"true",,,,,,,,"false",,,,,,,,,,,,,,,,,,,,,,,,,,,,,,,,,,,,"5222 130 Ave SE #370, Calgary, AB T2Z 5C2, Canada","Plumber","Air conditioning contractor","Heating contractor","Mechanical contractor",,,,,,,"Plumber",,,"10546560741804912965","Calgary","false","CA",,,,,,,,,,,,"0x8fecfdeebe9b509f:0x925ce91dd95cb145",,,,"https://lh3.googleusercontent.com/gps-cs-s/APNQkAG44VoApWPDBWw5joIRFRAgluKFUtKfe_QFFJbWlCLcPncpYzBwkxrZLdXIdKZprUcO9O9qLrhkD17LXKj8VjOC-NLgVGxvD3Y4iGhch4SDeryw8DBdTp2lQkddcB-xNVLB5L-C=w408-h279-k-no","31",,,"false","/g/11tcvbyng6","en",,,"50.9322188","-113.9599033",,"East Shepard Industrial","Monday","Open 24 hours","Tuesday","Open 24 hours","Wednesday","Open 24 hours","Thursday","Open 24 hours","Friday","Open 24 hours","Saturday","Open 24 hours","Sunday","Open 24 hours","false","+1 403-305-5989","+14033055989",,,,,,,,,,,,,,,,,,,,,,,,,,"ChIJn1Cbvu797I8RRbFc2R3pXJI",,"T2Z 5C2",,"9",,,"92",,,,,,"2026-04-18T17:36:26.139Z",,,,,,"https://www.google.com/maps/search/plumber/@50.94138981351432,-113.88334802444844,13z?hl=en","plumber","Alberta","5222 130 Ave SE #370",,"false",,,"Alberta Best Home Plumbing and Heating Ltd.","4.9",,"https://www.google.com/maps/search/?api=1&query=Alberta%20Best%20Home%20Plumbing%20and%20Heating%20Ltd.&query_place_id=ChIJn1Cbvu797I8RRbFc2R3pXJI","http://www.albertabesthome.framer.website/",,,,,
,,,,,,,,,,,,,,,"true",,,"true",,,,,,,,,,,,,,,,,,,,,,,,,,,,,,,,,,,,,,,,,,,,"119 Marquis Cres SE, Calgary, AB T3M 1Y1, Canada","Plumber","Drainage service",,,,,,,,,"Plumber",,,"15633065219833016239","Calgary","false","CA","0",,"flopros.ca","service@flopros.ca",,,,,,"https://www.facebook.com/Floprosdrainservices",,"0x53719d64ad50f265:0xd8f3cdfd6aa92faf",,,,"https://lh3.googleusercontent.com/gps-cs-s/APNQkAGVyzamDG7M7iU02vU_9W0jLhNQjYz0iJ0kLgFlUP4UplYZI3BROm52LE7DasWXGXA0yeWUPYt_UwS5AhKpVTD-XZtTAybx_unXPpnxX7m9KkgBeo81cKyf4Ye43qfJQBG5hL1J=w408-h544-k-no","5",,,"false","/g/1hc1tlqym","en",,,"50.9006214","-113.9110873",,"Mahogany","Monday","Open 24 hours","Tuesday","Open 24 hours","Wednesday","Open 24 hours","Thursday","Open 24 hours","Friday","Open 24 hours","Saturday","Open 24 hours","Sunday","Open 24 hours","false","+1 403-294-0422","+14032940422","4032940422",,,,,,,,,,,"(403) 294-0422","403-294-0422",,,,,,,,,,,,,"ChIJZfJQrWSdcVMRry-pav3N89g",,"T3M 1Y1",,"7",,,"247",,,,,,"2026-04-18T17:36:26.138Z","https://flopros.ca/","https://flopros.ca/calgary-drain-cleaning-services/","https://flopros.ca/","https://flopros.ca/drain-cleaning-in-calgary/","https://flopros.ca/","https://www.google.com/maps/search/plumber/@50.94138981351432,-113.88334802444844,13z?hl=en","plumber","Alberta","119 Marquis Cres SE",,"false",,,"Flo Pros Drain Services Inc","4.9",,"https://www.google.com/maps/search/?api=1&query=Flo%20Pros%20Drain%20Services%20Inc&query_place_id=ChIJZfJQrWSdcVMRry-pav3N89g","http://www.flopros.ca/",,,,,
,,,,,,,,,"true",,,,,,"true",,,,,,,,,,,"false",,,,,,,,,,,,,,,,,,,,,,,,,,,,,,,,,,,,,"Plumber","Air conditioning contractor","Air conditioning repair service","Air duct cleaning service","Drainage service","Service establishment","Furnace repair service","HVAC contractor","Heating contractor",,"Plumber",,,"13449902555118240249",,"false",,"0",,"plumbingparamedics.ca","help@plumbingparamedics.ca",,,,,,"https://www.facebook.com/plumbingparamedics",,"0x537170a38947bf63:0xbaa7a71cfd7101f9",,,,"https://lh3.googleusercontent.com/gps-cs-s/APNQkAHx2MT114MedgTAQYmTosX6P9y-7jbXCsjCIfx4p11SUdaAuKbJVELlxH89ZnvViMHvN1YqeHlSyS9rY85yCODzLJtbfWlWIakdDN3O-EGb2YOVDY9_TWfRbg_ZhHMIW2mfbBg=w408-h272-k-no","333","https://www.instagram.com/plumbingheatingparamedicsyyc",,"false","/g/1hc7p7p2z","en","https://www.linkedin.com/company/plumbing-paramedics",,"50.9433782","-114.090531",,,"Monday","Open 24 hours","Tuesday","Open 24 hours","Wednesday","Open 24 hours","Thursday","Open 24 hours","Friday","Open 24 hours","Saturday","Open 24 hours","Sunday","Open 24 hours","false","+1 587-205-4554","+15872054554","587-316-2946","(587)206-6881","587-327-6643","587-206-6881",,,,,,,,"587-792-2370","50.955093","113.965028","(587) 206-6881","587-327-6643","(587) 206-68814","(587) 747-6979","587-327-664324",,,,,,,"ChIJY79HiaNwcVMR-QFx_Rynp7o",,,,"1",,,"1288",,,,,,"2026-04-18T17:36:26.135Z","https://www.plumbingparamedics.ca/?utm_source=google&utm_medium=organic&utm_campaign=local+listings","https://www.plumbingparamedics.ca/blog/breakdowns-and-keep-your-home-comfortable-in-every-season-hvac-maintenance-in-calgary-how-regular-tune-ups-save-you-money-all-year","https://www.plumbingparamedics.ca/careers","https://www.plumbingparamedics.ca/contact-us","https://www.plumbingparamedics.ca/about-us","https://www.google.com/maps/search/plumber/@50.94138981351432,-113.88334802444844,13z?hl=en","plumber",,,,"false",,,"Plumbing & Heating Paramedics","4.8",,"https://www.google.com/maps/search/?api=1&query=Plumbing%20%26%20Heating%20Paramedics&query_place_id=ChIJY79HiaNwcVMR-QFx_Rynp7o","https://www.plumbingparamedics.ca/?utm_source=google&utm_medium=organic&utm_campaign=local+listings",,"https://www.youtube.com/channel/UC3k_OuMVt8cl09ommvHri8g",,,
,,,,,,,,,"true",,,"true",,"true",,,"true",,,,,,,,,"true",,,,"true",,,,,,,,,,,,,,,,,,,,,,,,,,,,,,,,"12180 44 St SE #14, Calgary, AB T2Z 4A2, Canada","Plumber","Air conditioning contractor","Air conditioning repair service","Furnace repair service","Heating contractor","Heating equipment supplier","HVAC contractor","Water filter supplier","Water softening equipment supplier",,"Plumber",,,"10423390306328183141","Calgary","false","CA","0",,"promaxx.pro","office@furnacefellas.ca","kevin@promaxxmechanical.com",,,,,"https://www.facebook.com/promaxxplumbingheating","https://www.facebook.com/furnacefellas","0x537177c3ff3cf189:0x90a7524213f10165",,,,"https://lh3.googleusercontent.com/gps-cs-s/APNQkAGURVGpon_6DUTLBN-iaovEBFnq1D--tGIxHOnM1zSEyU44_kS5RuJvlhlJCncmlqq67ODactfbjhOB_L8A_BNEPAJsCpKa-nni0Xlb7Cfl4QajN9svUkE6Yzpxa7YIHJpNZwU1nWlW1bI=w408-h408-k-no","8",,,"false","/g/11ks_f01b9","en",,,"50.9416915","-113.9708",,"East Shepard Industrial","Monday","Open 24 hours","Tuesday","Open 24 hours","Wednesday","Open 24 hours","Thursday","Open 24 hours","Friday","Open 24 hours","Saturday","Open 24 hours","Sunday","Open 24 hours","false","+1 587-847-5683","+15878475683","4034605846","5872001051",,,,,,,,,,"(403) 460 5846","403-460-5846","+1 (403) 460 5846",,,,,,,,,,,,"ChIJifE8_8N3cVMRZQHxE0JSp5A",,"T2Z 4A2",,"36","https://www.google.com/maps/reserve/appt/place/ChIJifE8_8N3cVMRZQHxE0JSp5A/mid/%2Fg%2F11ks_f01b9?sourceurl=https://www.google.com/search?authuser%3D0%26tbm%3Dmap%26q%3Dplumber%26psi%3DF8HjabT1DomX5OMP-_O2gA4.1776533786209.1%26hl%3Den%26pb%3D!4m12!1m3!1d40224.71222683976!2d-113.88334802444844!3d50.94138981351432!2m3!1f0!2f0!3f0!3m2!1i1920!2i1080!4f13.1!7i20!8i0!10b1!12m36!1m1!18b1!2m3!5m1!6e2!20e3!6m18!4b1!49b1!63m0!73m0!74i150000!75b1!85b1!89b1!91b1!101i97!110m0!114b1!149b1!171b1!176f8!179f90!182b1!183m0!10b1!12b1!13b1!14b1!16b1!17m1!3e1!20m3!5e2!6b1!14b1!19m4!2m3!1i360!2i120!4i8!20m57!2m2!1i203!2i100!3m2!2i4!5b1!6m6!1m2!1i86!2i86!1m2!1i408!2i240!7m42!1m3!1e1!2b0!3e3!1m3!1e2!2b1!3e2!1m3!1e2!2b0!3e3!1m3!1e8!2b0!3e3!1m3!1e10!2b0!3e3!1m3!1e10!2b1!3e2!1m3!1e9!2b1!3e2!1m3!1e10!2b0!3e3!1m3!1e10!2b1!3e2!1m3!1e10!2b0!3e4!2b1!4b1!9b0!22m6!1sF8HjabT1DomX5OMP-_O2gA4!2s1i:0,t:20588,p:F8HjabT1DomX5OMP-_O2gA4:22!4m1!2i20588!7e81!12e3!24m92!1m26!13m9!2b1!3b1!4b1!6i1!8b1!9b1!14b1!20b1!25b1!18m15!3b1!4b1!5b1!6b1!13b1!14b1!15b1!17b1!21b1!22b0!25b1!27m1!1b0!28b0!31b0!2b1!5m5!2b1!5b1!6b1!7b1!10b1!10m1!8e3!11m1!3e1!14m1!3b1!17b1!20m2!1e3!1e6!24b1!25b1!26b1!29b1!30m1!2b1!36b1!39m3!2m2!2i1!3i1!43b1!52b1!55b1!56m2!1b1!3b1!65m5!3m4!1m3!1m2!1i224!2i298!71b1!72m17!1m5!1b1!2b1!3b1!5b1!7b1!4b1!8m8!1m6!4m1!1e1!4m1!1e3!4m1!1e4!3sother_user_reviews!9b1!89b1!103b1!113b1!117b1!122m1!1b1!26m4!2m3!1i80!2i92!4i8!30m28!1m6!1m2!1i0!2i0!2m2!1i0!2i0!1m6!1m2!1i0!2i0!2m2!1i0!2i0!1m6!1m2!1i0!2i0!2m2!1i0!2i0!1m6!1m2!1i0!2i0!2m2!1i0!2i0!31b1!34m19!2b1!3b1!4b1!6b1!7b1!8m6!1b1!3b1!4b1!5b1!6b1!7b1!9b1!12b1!14b1!20b1!23b1!25b1!26b1!37m1!1e81!42b1!46m1!1e10!47m0!49m7!3b1!6m2!1b1!2b1!7m2!1e3!2b1!50m25!1m21!2m7!1u3!4zT3RldsWZZW7DqQ!5e1!9s0ahUKEwiVwd-J-PeTAxUgm4kEHaa7DmEQ_KkBCAgoAw!10m2!3m1!1e1!2m7!1u2!4zTmVqbMOpcGUgaG9kbm9jZW7DqQ!5e1!9s0ahUKEwiVwd-J-PeTAxUgm4kEHaa7DmEQ_KkBCAcoAg!10m2!2m1!1e1!3m1!1u2!3m1!1u3!4BIAE!2e2!3m1!3b1!59BQ2dBd0Fn!61b1!67m3!7b1!10b1!14b0!69i675",,"153","143","6","4","0","0","2026-04-18T17:36:26.993Z","http://promaxx.pro/","https://promaxx.pro/residentialprojects/","https://promaxx.pro/commercialprojects/","https://promaxx.pro/promaxx-plumbing-heating-cooling/","https://promaxx.pro/industrialprojects/","https://www.google.com/maps/search/plumber/@50.94138981351432,-113.88334802444844,13z?hl=en","plumber","Alberta","12180 44 St SE #14",,"false",,,"ProMaxx Plumbing & Heating Ltd.","4.9",,"https://www.google.com/maps/search/?api=1&query=ProMaxx%20Plumbing%20%26%20Heating%20Ltd.&query_place_id=ChIJifE8_8N3cVMRZQHxE0JSp5A","https://www.promaxx.pro/",,,,,
,,,,,,,,,,,,,,,"true",,,"true",,"true",,,,,,,"true",,,,,,,,,,,,,,,,,,,,,,,,,,,,,,,,,,,"8800 Venture Ave SE #2128, Calgary, AB T3S 0A2, Canada","Plumber","Drainage service","Furnace repair service","Gasfitter","Heating contractor","Heating equipment supplier","Hot water system supplier",,,,"Plumber",,,"17637290090981826854","Calgary","false","CA","0",,"quickerrooterplumbing.ca","quickerrooterplumbing@shaw.ca","quickerrouterplumbing@shaw.ca",,,,,"https://www.facebook.com/QuickerRooterPlumbing",,"0x53717af3bacc1f11:0xf4c43de4317d2126",,,,"https://lh3.googleusercontent.com/gps-cs-s/APNQkAF2AU0sRNlJ99sdaiTWk5QgiDcD7S5kJBYXwBlLAh5upsXIiprLvJ1xE_WP0Lnf3USekual4D4_GPiC0NAhehDPvHDp-nylr6EVVHwWh0u8cvFm0J_YYKRZtJNk_p0xD4h5tCyZ=w408-h408-k-no","35","https://www.instagram.com/quickerroot",,"false","/g/1w4vjlwp","en","https://www.linkedin.com/in/quicker-rooter-plumbing-62b24679",,"50.9712214","-113.9057925",,,"Monday","Open 24 hours","Tuesday","Open 24 hours","Wednesday","Open 24 hours","Thursday","Open 24 hours","Friday","Open 24 hours","Saturday","Open 24 hours","Sunday","Open 24 hours","false","+1 403-294-1288","+14032941288","+14032941288","+2348012345678",,,,,,,,,,"403-294-1288","2128 8800","113.990836","51.022511","57652086","99431138","403-620-7279","(403) 294-1288","800-511-3447",,,,,,"ChIJER_MuvN6cVMRJiF9MeQ9xPQ",,"T3S 0A2",,"2",,,"300",,,,,,"2026-04-18T17:36:26.136Z","https://quickerrooterplumbing.ca/","https://quickerrooterplumbing.ca/blog/","https://quickerrooterplumbing.ca/contact-us/","https://quickerrooterplumbing.ca/emergency-plumbing/","https://quickerrooterplumbing.ca/about-us/","https://www.google.com/maps/search/plumber/@50.94138981351432,-113.88334802444844,13z?hl=en","plumber","Alberta","8800 Venture Ave SE #2128",,"false",,,"Quicker Rooter Plumbing & Heating","4.7",,"https://www.google.com/maps/search/?api=1&query=Quicker%20Rooter%20Plumbing%20%26%20Heating&query_place_id=ChIJER_MuvN6cVMRJiF9MeQ9xPQ","https://quickerrooterplumbing.ca/",,,,,
,,,,,,,,,,,,,,,,,,,,,,,,,,,,,,,,,,,,,,,,,,,,,,,,,,,,,,,,,,,,,,"230 Initiative Ave SE, Calgary, AB T3S 0B7, Canada","HVAC contractor",,,,,,,,,,"HVAC contractor",,,"788327476118638625","Calgary","false","CA","0",,"calaltaplumbingandheating.com","info@calaltaplumbingandheating.com",,,,,,,,"0x537179cdc810c3c3:0xaf0b3a9acbb5021",,,,"https://lh3.googleusercontent.com/gps-cs-s/APNQkAFQjQtDmfWLC4RopU8PYweSntZP3i69VbGlLW-uEg6T7vmPWHflTGRVArPCNZmVUIqVH3GofLIExbXgWC1Oz58dBgVR_w2uMcT6KUd1yKQMCdyshx-aODT9Hdx4nxxlC2XdmtRzDQ=w426-h240-k-no","5",,,"false","/g/11x08046jb","en",,,"50.9613017","-113.9067211",,,"Monday","Open 24 hours","Tuesday","Open 24 hours","Wednesday","Open 24 hours","Thursday","Open 24 hours","Friday","Open 24 hours","Saturday","Open 24 hours","Sunday","Open 24 hours","false","+1 825-509-3056","+18255093056","825-509-3056","8255093056",,,,,,,,,,"(825) 509-3056",,,,,,,,,,,,,,"ChIJw8MQyM15cVMRIVC7rKmz8Ao",,"T3S 0B7",,"18",,,"10",,,,,,"2026-04-18T17:36:26.142Z","https://calaltaplumbingandheating.com/","https://calaltaplumbingandheating.com/about/","https://calaltaplumbingandheating.com/","https://calaltaplumbingandheating.com/calgary-plumbing/","https://calaltaplumbingandheating.com/contact/","https://www.google.com/maps/search/plumber/@50.94138981351432,-113.88334802444844,13z?hl=en","plumber","Alberta","230 Initiative Ave SE",,"false",,,"Cal Alta Plumbing & Heating","5",,"https://www.google.com/maps/search/?api=1&query=Cal%20Alta%20Plumbing%20%26%20Heating&query_place_id=ChIJw8MQyM15cVMRIVC7rKmz8Ao","https://calaltaplumbingandheating.com/",,,,,
,,,,,,,,,,,,,,,"true",,,,,,,,,,,,,,,,,,,,,,,,,,,,,,,,,,,,,,,,,,,,,,,,"Plumber","Service establishment","Gasfitter",,,,,,,,"Plumber",,,"10291494994847804877",,"false",,,,,,,,,,,,,"0x53717714fcfd26c9:0x8ed2bc2bcf9d2dcd",,,,"https://lh3.googleusercontent.com/gps-cs-s/APNQkAFTE4xJA1PE26saP6jKJ7U_KbyBCoGkr-Mc9ZPs89LFaEf65CoNpZqce-z3hE4XAL5LQCI4eZZJbrMUge3drtPQ92uxu9HySCe3bG7O6_3Wl2z59X_2wxyOwXjukL_4yYyhLUYq=w408-h612-k-no","13",,,"false","/g/11qyznly1b","en",,,"50.8849142","-114.0440112",,,"Monday","8 AM to 5 PM","Tuesday","8 AM to 5 PM","Wednesday","8 AM to 5 PM","Thursday","8 AM to 5 PM","Friday","8 AM to 5 PM","Saturday","Closed","Sunday","Closed","false","+1 587-821-6324","+15878216324",,,,,,,,,,,,,,,,,,,,,,,,,,"ChIJySb9_BR3cVMRzS2dzyu80o4",,,,"17",,,"11",,,,,,"2026-04-18T17:36:26.141Z",,,,,,"https://www.google.com/maps/search/plumber/@50.94138981351432,-113.88334802444844,13z?hl=en","plumber",,,,"false",,,"JVP Mechanical","5",,"https://www.google.com/maps/search/?api=1&query=JVP%20Mechanical&query_place_id=ChIJySb9_BR3cVMRzS2dzyu80o4","http://jvpmechanical.com/",,,,,
