"additionalInfo/Accessibility/0/Wheelchair accessible entrance","additionalInfo/Accessibility/0/Wheelchair accessible parking lot","additionalInfo/Accessibility/0/Wheelchair accessible restroom","additionalInfo/Accessibility/0/Wheelchair accessible seating","additionalInfo/Accessibility/1/Wheelchair accessible entrance","additionalInfo/Accessibility/1/Wheelchair accessible parking lot","additionalInfo/Accessibility/1/Wheelchair accessible restroom","additionalInfo/Accessibility/1/Wheelchair accessible seating","additionalInfo/Accessibility/2/Wheelchair accessible entrance","additionalInfo/Accessibility/2/Wheelchair accessible parking lot","additionalInfo/Accessibility/2/Wheelchair accessible restroom","additionalInfo/Accessibility/2/Wheelchair accessible seating","additionalInfo/Crowd/0/LGBTQ+ friendly","additionalInfo/Crowd/0/Transgender safespace","additionalInfo/Crowd/1/LGBTQ+ friendly","additionalInfo/Crowd/1/Transgender safespace","additionalInfo/From the business/0/Identifies as women-owned","additionalInfo/Offerings/0/Installation service","additionalInfo/Offerings/0/Repair services","additionalInfo/Offerings/1/Installation service","additionalInfo/Offerings/1/Repair services","additionalInfo/Planning/0/Appointment required","additionalInfo/Service options/0/English","additionalInfo/Service options/0/Online estimates","additionalInfo/Service options/0/Onsite services","additionalInfo/Service options/1/English","additionalInfo/Service options/1/Online estimates","additionalInfo/Service options/1/Onsite services","additionalInfo/Service options/2/English","additionalInfo/Service options/2/Online estimates","additionalInfo/Service options/2/Onsite services","additionalOpeningHours/Online service hours/0/day","additionalOpeningHours/Online service hours/0/hours","additionalOpeningHours/Online service hours/1/day","additionalOpeningHours/Online service hours/1/hours","additionalOpeningHours/Online service hours/2/day","additionalOpeningHours/Online service hours/2/hours","additionalOpeningHours/Online service hours/3/day","additionalOpeningHours/Online service hours/3/hours","additionalOpeningHours/Online service hours/4/day","additionalOpeningHours/Online service hours/4/hours","additionalOpeningHours/Online service hours/5/day","additionalOpeningHours/Online service hours/5/hours","additionalOpeningHours/Online service hours/6/day","additionalOpeningHours/Online service hours/6/hours","address","categories/0","categories/1","categories/2","categories/3","categories/4","categories/5","categories/6","categories/7","categories/8","categories/9","categoryName","checkInDate","checkOutDate","cid","city","claimThisBusiness","countryCode","depth","description","domain","emails/0","emails/1","emails/2","facebooks/0","facebooks/1","fid","floor","googleFoodUrl","hotelStars","imageUrl","imagesCount","instagrams/0","instagrams/1","isAdvertisement","kgmid","language","linkedIns/0","linkedIns/1","locatedIn","location/lat","location/lng","menu","neighborhood","openingHours/0/day","openingHours/0/hours","openingHours/1/day","openingHours/1/hours","openingHours/2/day","openingHours/2/hours","openingHours/3/day","openingHours/3/hours","openingHours/4/day","openingHours/4/hours","openingHours/5/day","openingHours/5/hours","openingHours/6/day","openingHours/6/hours","permanentlyClosed","phone","phoneUnformatted","phones/0","phones/1","phones/2","phones/3","phones/4","phonesUncertain/0","phonesUncertain/1","phonesUncertain/2","phonesUncertain/3","phonesUncertain/4","phonesUncertain/5","phonesUncertain/6","phonesUncertain/7","phonesUncertain/8","phonesUncertain/9","phonesUncertain/10","phonesUncertain/11","phonesUncertain/12","placeId","plusCode","postalCode","price","rank","reserveTableUrl","reviews","reviewsCount","reviewsDistribution/fiveStar","reviewsDistribution/fourStar","reviewsDistribution/oneStar","reviewsDistribution/threeStar","reviewsDistribution/twoStar","scrapedAt","scrapedUrls/0","scrapedUrls/1","scrapedUrls/2","scrapedUrls/3","scrapedUrls/4","searchPageUrl","searchString","state","street","subTitle","temporarilyClosed","tiktoks/0","tiktoks/1","title","totalScore","twitters/0","url","website","whatsapps/0","youtubes/0","youtubes/1","youtubes/2","youtubes/3"
,,,,,,,,,,,,,,,,,,,,,,,,,,,,,,,,,,,,,,,,,,,,,"12722 Douglasview Blvd SE, Calgary, AB T2Z 2H9, Canada","Electrical installation service",,,,,,,,,,"Electrical installation service",,,"7687355620962048626","Calgary","false","CA","0",,"forbeselectricalservices.ca",,,,,,"0x537177824d3b13a3:0x6aaef935398b9a72",,,,"https://lh3.googleusercontent.com/gps-cs-s/APNQkAEqFhKKlacjODUReAi13PdgoFJ4HYSbkMEwvqG6Sb73ayH3eibdGIAWxHoFpm8Rk5ooowFtA4Hn9yPOHY8_PerPhHw8ktaZxTNckQRgIne9hDlVYvFDLNSSCGDicvpf6GtooMAG=w426-h240-k-no","10","https://www.instagram.com/forbeselectricalhomeservices","www.instagram.com/forbeselectricalhomeservices","false","/g/11h1kqzv50","en",,,,"50.9396725","-113.9910593",,"Douglasdale","Monday","8 AM to 4 PM","Tuesday","8 AM to 4 PM","Wednesday","8 AM to 4 PM","Thursday","8 AM to 4 PM","Friday","8 AM to 4 PM","Saturday","8 AM to 4 PM","Sunday","Closed","false","","",,,,,,,,,,,,,,,,,,,"ChIJoxM7TYJ3cVMRcpqLOTX5rmo",,"T2Z 2H9",,"44",,,,,,,,,"2026-04-18T17:37:39.162Z","https://forbeselectricalservices.ca/","https://forbeselectricalservices.ca/home","https://forbeselectricalservices.ca/contact","https://forbeselectricalservices.ca/electrical-services","https://forbeselectricalservices.ca/testimonials","https://www.google.com/maps/search/electrician/@50.94138981351432,-113.88334802444844,13z?hl=en","electrician","Alberta","12722 Douglasview Blvd SE",,"false",,,"Forbes Electrical Services",,,"https://www.google.com/maps/search/?api=1&query=Forbes%20Electrical%20Services&query_place_id=ChIJoxM7TYJ3cVMRcpqLOTX5rmo","http://forbeselectricalservices.ca/",,,,,
,,,,,,,,,,,,,,,,,,,,,,,,,,,,,,,,,,,,,,,,,,,,,,"Electrical installation service","Service establishment",,,,,,,,,"Electrical installation service",,,"7789014663781854406",,"false",,"0",,"advancedinfrared.ca","info@advancedinfrared.ca",,,,,"0x8280f2ef2073b445:0x6c1823919906acc6",,,,,"0",,,"false","/g/11vdwrk084","en",,,,"51.0276233","-114.087835",,,,,,,,,,,,,,,,,"false","+1 403-710-4962","+14037104962","403-710-4962",,,,,"403-710-4962","403.710.4962","82261510","72659174","61495427","683351088888","678534629","7836755429","88015718756749",,,,,"ChIJRbRzIO_ygIIRxqwGmZEjGGw",,,,"52",,,,,,,,,"2026-04-18T17:37:38.396Z","https://www.advancedinfrared.ca/","https://www.advancedinfrared.ca/infrared-inspections","https://www.advancedinfrared.ca/about","https://www.advancedinfrared.ca/service-work","https://www.advancedinfrared.ca/contact","https://www.google.com/maps/search/electrician/@50.855265977028644,-113.88334802444844,13z?hl=en","electrician",,,,"false",,,"Advanced Infrared & Electrical Ltd.",,,"https://www.google.com/maps/search/?api=1&query=Advanced%20Infrared%20%26%20Electrical%20Ltd.&query_place_id=ChIJRbRzIO_ygIIRxqwGmZEjGGw","https://www.advancedinfrared.ca/",,,,,
,,,,,,,,,,,,,,,,,,,,,,,,,,,,,,,,,,,,,,,,,,,,,"5098 80 Ave S E, Calgary, AB T2C 2X3, Canada","Electrician",,,,,,,,,,"Electrician",,,"14453709988929011816","Calgary","true","CA","0",,"corbiellelectrical.com",,,,,,"0x53717a1f06bde455:0xc895e4a7e8a10068",,,,"https://lh3.googleusercontent.com/gps-cs-s/APNQkAG3ZUxs96BWV9zLQFnnLmw4EHb5b6SUmkPhLWAq_FnEdyHW4qMQhli8b0SKHGx7S-VhWH9AHTa22SDqSjFbFZXdkAaFk5ZWF1svlFjgkvUq2EOnMkd_ss6UJqd1dd7ax7A3BuvL=w408-h544-k-no","1",,,"false","/g/11h1y8slvq","en",,,,"50.9807739","-113.96194",,"Southeast Calgary",,,,,,,,,,,,,,,"false","+1 403-818-7374","+14038187374","4038187374","(403) 818-7374",,,,"(403) 818-7374",,,,,,,,,,,,,"ChIJVeS9Bh96cVMRaACh6Kfklcg",,"T2C 2X3",,"43",,,"11","7","0","4","0","0","2026-04-18T17:37:39.162Z","https://www.corbiellelectrical.com/","https://www.corbiellelectrical.com/contact/","https://www.corbiellelectrical.com/about-us/","https://www.corbiellelectrical.com/","https://www.corbiellelectrical.com/contact/","https://www.google.com/maps/search/electrician/@50.94138981351432,-113.88334802444844,13z?hl=en","electrician","Alberta","5098 80 Ave S E",,"false",,,"Corbiell Electrical","3.5",,"https://www.google.com/maps/search/?api=1&query=Corbiell%20Electrical&query_place_id=ChIJVeS9Bh96cVMRaACh6Kfklcg","http://corbiellelectrical.com/",,,,,
,,,,,,,,,,,,,,,,,,,,,,,,,,,,,,,,,,,,,,,,,,,,,,"Electrician","Service establishment",,,,,,,,,"Electrician",,,"16144637780911655079",,"false",,"0",,"networkelectricltd.ca","ty@networkelectricltd.ca",,,"https://www.facebook.com/networkelectricltd",,"0x53719c3b89315fa9:0xe00d4686169708a7",,,,"https://lh3.googleusercontent.com/gps-cs-s/APNQkAEG6mmCn2x3oJGBJUqR06SgSVB68pqGZmTG7L-bKoEA05Wi8aYJSI_jy2OrES3GGXjHBfD0G2Qbf2Zoy7aR4ydTQSDyvedcgdVXb_NKx29FUDQhQmvFz6XZqny359GfD4Bevu8=w408-h408-k-no","2",,,"false","/g/11cjhq28q5","en",,,,"50.8994864","-114.0527286",,,"Monday","8 AM to 5 PM","Tuesday","8 AM to 5 PM","Wednesday","8 AM to 5 PM","Thursday","8 AM to 5 PM","Friday","8 AM to 5 PM","Saturday","Closed","Sunday","Closed","false","+1 403-651-6630","+14036516630","+14039385684","4038623370",,,,"403-862-3370","403.938.5684","(403) 862-3370",,,,,,,,,,,"ChIJqV8xiTuccVMRpwiXFoZGDeA",,,,"50",,,,,,,,,"2026-04-18T17:37:38.396Z","https://networkelectricltd.ca/","https://networkelectricltd.ca/","https://networkelectricltd.ca/services","https://networkelectricltd.ca/our-company","https://networkelectricltd.ca/contact","https://www.google.com/maps/search/electrician/@50.855265977028644,-113.88334802444844,13z?hl=en","electrician",,,,"false",,,"Network Electric Ltd.",,,"https://www.google.com/maps/search/?api=1&query=Network%20Electric%20Ltd.&query_place_id=ChIJqV8xiTuccVMRpwiXFoZGDeA","http://www.networkelectricltd.ca/",,,,,
,,,,,,,,,,,,,,,,,,,,,,,"true",,,,,,,,,,,,,,,,,,,,,,,"Electrical installation service","Service establishment",,,,,,,,,"Electrical installation service",,,"6447110433232070448",,"false",,,,,,,,,,"0x684d86b5786738c1:0x5978bcc7e0832730",,,,,"0",,,"false","/g/11sx1ygdzr","en",,,,"50.9433782","-114.0440112",,,"Monday","7 AM to 5 PM","Tuesday","7 AM to 5 PM","Wednesday","7 AM to 5 PM","Thursday","7 AM to 5 PM","Friday","7 AM to 5 PM","Saturday","7 AM to 5 PM","Sunday","7 AM to 5 PM","false","+1 403-681-3556","+14036813556",,,,,,,,,,,,,,,,,,,"ChIJwThneLWGTWgRMCeD4Me8eFk",,,,"46",,,,,,,,,"2026-04-18T17:37:38.396Z",,,,,,"https://www.google.com/maps/search/electrician/@50.855265977028644,-113.88334802444844,13z?hl=en","electrician",,,,"false",,,"DWC Electrical Services",,,"https://www.google.com/maps/search/?api=1&query=DWC%20Electrical%20Services&query_place_id=ChIJwThneLWGTWgRMCeD4Me8eFk",,,,,,
,,,,,,,,,,,,,,,,,,,,,,,,,,,,,,,,,,,,,,,,,,,,,,"Electrician","Service establishment",,,,,,,,,"Electrician",,,"26217420708305278",,"false",,"0",,"limelightelectrical.com","tyler@limelightelectrical.com",,,"https://www.facebook.com/Limelight-Electrical-Solutions-101496844965688",,"0x537177ff713b75a5:0x5d249af03ed97e",,,,,"0","https://www.instagram.com/limelightelectrical",,"false","/g/11r3x42c9f","en",,,,"51.0276233","-114.087835",,,"Monday","8 AM to 6 PM","Tuesday","8 AM to 6 PM","Wednesday","8 AM to 6 PM","Thursday","8 AM to 6 PM","Friday","8 AM to 6 PM","Saturday","Closed","Sunday","Closed","false","+1 403-471-3117","+14034713117",,,,,,"403-471-3117",,,,,,,,,,,,,"ChIJpXU7cf93cVMRftk-8JokXQA",,,,"44",,,"7","7","0","0","0","0","2026-04-18T17:37:38.395Z","https://www.limelightelectrical.com/","https://www.limelightelectrical.com/",,,,"https://www.google.com/maps/search/electrician/@50.855265977028644,-113.88334802444844,13z?hl=en","electrician",,,,"false",,,"Limelight Electrical Solutions","5",,"https://www.google.com/maps/search/?api=1&query=Limelight%20Electrical%20Solutions&query_place_id=ChIJpXU7cf93cVMRftk-8JokXQA","http://limelightelectrical.com/",,,,,
,,,,,,,,,,,,,,,,,,,,,,,,,,,,,,,,,,,,,,,,,,,,,,"Electrician","Service establishment",,,,,,,,,"Electrician",,,"15758390320248001134",,"false",,,,,,,,,,"0x6b086ebce797a86f:0xdab10c813656126e",,,,"https://lh3.googleusercontent.com/gps-cs-s/APNQkAElEXRO8FA_x8m4oki39-6FZcyFtoPvCaLFnKmSFA7UJmTlC3ahqX8ZcBy3jsi57tPDjLnMkvmfYODTxrcNJw4q3lAjkO4CE1-J--6gPw163kx5A5X_Vjjh-v4fLm0w-24R4BiWMQ=w408-h408-k-no","2",,,"false","/g/11v5ty2zq0","en",,,,"51.0276233","-114.087835",,,,,,,,,,,,,,,,,"false","+1 403-671-4124","+14036714124",,,,,,,,,,,,,,,,,,,"ChIJb6iX57xuCGsRbhJWNoEMsdo",,,,"43",,,"6","5","0","1","0","0","2026-04-18T17:37:38.395Z",,,,,,"https://www.google.com/maps/search/electrician/@50.855265977028644,-113.88334802444844,13z?hl=en","electrician",,,,"false",,,"A2 Electrical","4.3",,"https://www.google.com/maps/search/?api=1&query=A2%20Electrical&query_place_id=ChIJb6iX57xuCGsRbhJWNoEMsdo",,,,,,
,,,,,,,,,,,,,,,,,,,,,,,,,,,,,,,,,,,,,,,,,,,,,,"Electrician","Contractor","Service establishment",,,,,,,,"Electrician",,,"5994291139585186278",,"false",,"0",,"buikselectric.ca",,,,,,"0x4391732fd89a5f4f:0x53300008473f19e6",,,,"https://lh3.googleusercontent.com/gps-cs-s/APNQkAGZmkcWY8nwAXir4YJjBe1XxEK55KUKcLS3dTjLQfMTT8qC60ihfisPSobtz6E40J4lahs1pY4a8mO3ijyQxtNiLLXM68Rjk_Zx0hvlQjdTsB2hAICuUwN0sJJNw0p4vgKargcd=w408-h510-k-no","4",,,"false","/g/11t_lh4jqf","en",,,,"51.0276233","-114.087835",,,,,,,,,,,,,,,,,"false","+1 403-200-6879","+14032006879",,,,,,,,,,,,,,,,,,,"ChIJT1-a2C9zkUMR5hk_RwgAMFM",,,,"41",,,"4","4","0","0","0","0","2026-04-18T17:37:38.395Z","http://buikselectric.ca/",,,,,"https://www.google.com/maps/search/electrician/@50.855265977028644,-113.88334802444844,13z?hl=en","electrician",,,,"false",,,"Buiks Electric","5",,"https://www.google.com/maps/search/?api=1&query=Buiks%20Electric&query_place_id=ChIJT1-a2C9zkUMR5hk_RwgAMFM","http://buikselectric.ca/",,,,,
,,,,,,,,,,,,,,,,,,,,,,,,,,,,,,,,,,,,,,,,,,,,,,"Electrician","Service establishment",,,,,,,,,"Electrician",,,"11835658602163798431",,"false",,"0",,"ironhorseelectric.ca","info@ironhorseelectric.ca","ryan.mcmullen@ironhorseelectric.ca",,,,"0x53719d7d507d5367:0xa440b4ca68c5019f",,,,,"0",,,"false","/g/11m_hdnqyd","en",,,,"51.0276233","-114.087835",,,,,,,,,,,,,,,,,"false","+1 403-978-4766","+14039784766",,,,,,"403-978-4766",,,,,,,,,,,,,"ChIJZ1N9UH2dcVMRnwHFaMq0QKQ",,,,"47",,,,,,,,,"2026-04-18T17:37:38.396Z","https://ironhorseelectric.ca/","https://ironhorseelectric.ca/contact-us/","https://ironhorseelectric.ca/","https://ironhorseelectric.ca/our-services-2/","https://ironhorseelectric.ca/attribution/","https://www.google.com/maps/search/electrician/@50.855265977028644,-113.88334802444844,13z?hl=en","electrician",,,,"false",,,"Ironhorse Electric Ltd.",,,"https://www.google.com/maps/search/?api=1&query=Ironhorse%20Electric%20Ltd.&query_place_id=ChIJZ1N9UH2dcVMRnwHFaMq0QKQ","http://ironhorseelectric.ca/",,,,,
,,,,,,,,,,,,,,,,,,,,,,,"true",,,,"true","true",,,,,,,,,,,,,,,,,"10805 50 St SE, Calgary, AB T2C 3E5, Canada","Electrician",,,,,,,,,,"Electrician",,,"17442955830521023997","Calgary","false","CA","0",,"crestviewgroup.com",,,,"https://www.facebook.com/Crestview-Group-Ltd-146421385899325",,"0x417185c673ad41dd:0xf211d3e93f08cdfd",,,,"https://streetviewpixels-pa.googleapis.com/v1/thumbnail?panoid=_PBongxXQMsoKmN-05GNQQ&cb_client=search.gws-prod.gps&w=408&h=240&yaw=310.5447&pitch=0&thumbfov=100","2","https://www.instagram.com/crestviewgroup",,"false","/g/12hpvtct5","en","https://www.linkedin.com/company/crestview-group-ltd",,,"50.9568983","-113.9619754",,"East Shepard Industrial","Monday","7 AM to 4 PM","Tuesday","7 AM to 4 PM","Wednesday","7 AM to 4 PM","Thursday","7 AM to 4 PM","Friday","7 AM to 4 PM","Saturday","Closed","Sunday","Closed","false","+1 403-279-6661","+14032796661","4032796661",,,,,"403.279.6661","403.279.6604",,,,,,,,,,,,"ChIJ3UGtc8aFcUER_c0IP-nTEfI",,"T2C 3E5",,"40",,,"16","16","0","0","0","0","2026-04-18T17:37:38.298Z","https://crestviewgroup.com/","https://crestviewgroup.com/#","https://crestviewgroup.com/",,,"https://www.google.com/maps/search/electrician/@50.94138981351432,-113.88334802444844,13z?hl=en","electrician","Alberta","10805 50 St SE",,"false",,,"Crestview Electric Ltd","5","https://twitter.com/crestviewcve","https://www.google.com/maps/search/?api=1&query=Crestview%20Electric%20Ltd&query_place_id=ChIJ3UGtc8aFcUER_c0IP-nTEfI","http://www.crestviewgroup.com/",,,,,
,"true",,,,,,,,,,,,,,,,,,,,,,,,,,,,,,,,,,,,,,,,,,,,"7910 42 St SE, Calgary, AB T2C 2T5, Canada","Electrician","Electrical installation service","Electrical substation","Electrical engineer",,,,,,,"Electrician",,,"538705350015572698","Calgary","false","CA","0",,"aes-ab.com","humanresources@aes-ab.com",,,,,"0x53717a5b2bec721b:0x779dda96247dada",,,,"https://lh3.googleusercontent.com/gps-cs-s/APNQkAHjsYGvNxxrx8m2CO3fBFwBmjuQPRAiRCNhzCXecvQhrdIF5Xn3_Pr_U9L1EkJuQDxJKDBT7ZQxaAGrtSa-qQP93VOPsux8oMr7iXLEcbXnKg9l6VkmDmKxUVfZT2s_gqhjzjur=w408-h254-k-no","3",,,"false","/g/1wt3n2c4","en","https://www.linkedin.com/company/resa-power-canada","https://www.linkedin.com/company/resa-power-solutions",,"50.98204","-113.97405",,"Southeast Calgary","Monday","7 AM to 5 PM","Tuesday","7 AM to 5 PM","Wednesday","7 AM to 5 PM","Thursday","7 AM to 5 PM","Friday","7 AM to 5 PM","Saturday","Closed","Sunday","Closed","false","+1 403-697-3747","+14036973747","4036973747","7809657177",,,,"403-697-3747","780-965-7177",,,,,,,,,,,,"ChIJG3LsK1t6cVMR2tpHYqndeQc",,"T2C 2T5",,"42",,,"10","9","1","0","0","0","2026-04-18T17:37:39.162Z","https://aes-ab.com/","https://aes-ab.com/#","https://aes-ab.com/about-us/","https://aes-ab.com/about-us/#join","https://aes-ab.com/","https://www.google.com/maps/search/electrician/@50.94138981351432,-113.88334802444844,13z?hl=en","electrician","Alberta","7910 42 St SE",,"false",,,"Advanced Electrical Services Ltd.","4.9",,"https://www.google.com/maps/search/?api=1&query=Advanced%20Electrical%20Services%20Ltd.&query_place_id=ChIJG3LsK1t6cVMR2tpHYqndeQc","http://www.aes-ab.com/",,,,,
,,,,,,,,,,,,,,,,,,,,,,,,,,,,,,,,,,,,,,,,,,,,,"8915 44 St SE, Calgary, AB T2C 2P5, Canada","Electrician",,,,,,,,,,"Electrician",,,"4318010832599148325","Calgary","false","CA","0",,"amp-electric.ca","info@amp-electric.ca",,,,,"0x6acc3e4b0e006529:0x3beca7f9755c6725",,,,"https://streetviewpixels-pa.googleapis.com/v1/thumbnail?panoid=hiiua96HLeUesckCEcTwrA&cb_client=search.gws-prod.gps&w=408&h=240&yaw=267.5688&pitch=0&thumbfov=100","1","https://www.instagram.com/ampelectric_yyc",,"false","/g/11ycm50s4b","en",,,,"50.9735824","-113.9708992",,"South Foothills","Monday","7 AM to 5 PM","Tuesday","7 AM to 5 PM","Wednesday","7 AM to 5 PM","Thursday","7 AM to 5 PM","Friday","7 AM to 5 PM","Saturday","Closed","Sunday","Closed","false","+1 416-725-3817","+14167253817","+14167253817",,,,,"4167253817","416-725-3817",,,,,,,,,,,,"ChIJKWUADks-zGoRJWdcdfmn7Ds",,"T2C 2P5",,"35",,,"6","6","0","0","0","0","2026-04-18T17:37:38.298Z","https://amp-electric.ca/","https://amp-electric.ca/contact/","https://amp-electric.ca/about-us/","https://amp-electric.ca/contact/","https://amp-electric.ca/careers/","https://www.google.com/maps/search/electrician/@50.94138981351432,-113.88334802444844,13z?hl=en","electrician","Alberta","8915 44 St SE",,"false",,,"Amp Electric","5",,"https://www.google.com/maps/search/?api=1&query=Amp%20Electric&query_place_id=ChIJKWUADks-zGoRJWdcdfmn7Ds","https://www.amp-electric.ca/",,,,,
,,,,,,,,,,,,,,,,"true",,,,,,,,"true",,,,,,,,,,,,,,,,,,,,,"3205 114 Ave SE, Calgary, AB T2Z 3X2, Canada","Electrician",,,,,,,,,,"Electrician",,,"4353760887430938400","Calgary","false","CA","0",,"scenicelectric.com","info@scenicelectric.com",,,,,"0x53717741fac84f5b:0x3c6baa75bc4f7f20",,,,"https://lh3.googleusercontent.com/gps-cs-s/APNQkAFCR_L7CmNqVHVq2Iarz4Ctf1bJC9hoqy7wjq9-b1iM0VknbzG_OxlJIDc5eAKp6YXMMQHQhijWHwYuTOzt186L1us8qZNx769ST5ekvyn2RjoGYOJmAruvag-qmZ6qRQHKsEdZ=w426-h240-k-no","5",,,"false","/g/1w4f7scz","en",,,,"50.9491138","-113.9915291",,"Shepard Industrial","Monday","Open 24 hours","Tuesday","Open 24 hours","Wednesday","Open 24 hours","Thursday","Open 24 hours","Friday","Open 24 hours","Saturday","Open 24 hours","Sunday","Closed","false","+1 403-243-3776","+14032433776",,,,,,"(403) 243-3776",,,,,,,,,,,,,"ChIJW0_I-kF3cVMRIH9PvHWqazw",,"T2Z 3X2",,"28",,,"17","11","1","3","1","1","2026-04-18T17:37:38.298Z","http://www.scenicelectric.com/","http://www.scenicelectric.com/inga@scenicelectric.com","http://www.scenicelectric.com/home.html",,,"https://www.google.com/maps/search/electrician/@50.94138981351432,-113.88334802444844,13z?hl=en","electrician","Alberta","3205 114 Ave SE",,"false",,,"Scenic Electric Ltd.","3.9",,"https://www.google.com/maps/search/?api=1&query=Scenic%20Electric%20Ltd.&query_place_id=ChIJW0_I-kF3cVMRIH9PvHWqazw","http://www.scenicelectric.com/",,,,,
,,,,,,,,,,,,,,,,,,,,,,,,,,,,,,,,,,,,,,,,,,,,,"4600 104 Ave SE Unit 120, Calgary, AB T2C 1R7, Canada","Electrician",,,,,,,,,,"Electrician",,,"10876744118071948406","Calgary","false","CA","0",,"trecc.ab.ca","info@trecc.ab.ca","reception@trecc.ab.ca",,,,"0x537179e23519ed3f:0x96f1f525de7f7476",,,,"https://streetviewpixels-pa.googleapis.com/v1/thumbnail?panoid=QjSnBTGdO836Z0npUDL2yg&cb_client=search.gws-prod.gps&w=408&h=240&yaw=312.05112&pitch=0&thumbfov=100","1",,,"false","/g/1txfntyn","en",,,,"50.9608701","-113.9695054",,"East Shepard Industrial","Monday","8 AM to 4 PM","Tuesday","8 AM to 4 PM","Wednesday","8 AM to 4 PM","Thursday","8 AM to 4 PM","Friday","8 AM to 4 PM","Saturday","Closed","Sunday","Closed","false","+1 403-735-6120","+14037356120",,,,,,"(403) 735-5067","(403) 735-6120","120-4600","403.735.6120","403.735.5067","4600 104",,,,,,,,"ChIJP-0ZNeJ5cVMRdnR_3iX18ZY",,"T2C 1R7",,"29",,,"36","22","2","11","1","0","2026-04-18T17:37:38.298Z","https://trecc.ab.ca/","https://trecc.ab.ca/Make-an-Appointment","https://trecc.ab.ca/contact","https://trecc.ab.ca/careers","https://trecc.ab.ca/contact","https://www.google.com/maps/search/electrician/@50.94138981351432,-113.88334802444844,13z?hl=en","electrician","Alberta","4600 104 Ave SE Unit 120",,"false",,,"Trecc Electric","3.7",,"https://www.google.com/maps/search/?api=1&query=Trecc%20Electric&query_place_id=ChIJP-0ZNeJ5cVMRdnR_3iX18ZY","https://trecc.ab.ca/",,,,,
,,,,,,,,,,,,,,,,,,,,,"true",,,,,,,,,,,,,,,,,,,,,,,,"177 Cramond Close SE, Calgary, AB T3M 1C2, Canada","Home inspector",,,,,,,,,,"Home inspector",,,"13646298795633760330","Calgary","false","CA","0",,"jchi.ca",,,,"https://www.facebook.com/jchinspection",,"0x537177d270ded411:0xbd6164741497584a",,,,"https://lh3.googleusercontent.com/gps-cs-s/APNQkAE-wlI01wNfe9vlEzpW73OFFcwF0xxTpYtJMADaxIhElncw1fxK7HSajkHc1aiTL8D-CqaoyJPhWygZOfnPEd-c-EvghcqokhyxSAS3ahUQhZfCvHK4LVp8Fbzh5T06gZOBMCkgIZuuzAhO=w408-h541-k-no","10649","https://www.instagram.com/jchi.ca",,"false","/g/11g6b07gs7","en","https://www.linkedin.com/in/jason-chow-85b368128",,,"50.895712","-113.9816",,"Southeast Calgary","Monday","8 AM to 6 PM","Tuesday","8 AM to 6 PM","Wednesday","8 AM to 6 PM","Thursday","8 AM to 6 PM","Friday","8 AM to 6 PM","Saturday","8 AM to 6 PM","Sunday","8 AM to 6 PM","false","","",,,,,,,,,,,,,,,,,,,"ChIJEdTecNJ3cVMRSliXFHRkYb0",,"T3M 1C2",,"34",,,"927","917","6","4","0","0","2026-04-18T17:37:37.743Z","https://www.jchi.ca/","https://www.jchi.ca/#location","https://www.jchi.ca/#testimonials","https://www.jchi.ca/#","https://www.jchi.ca/#about","https://www.google.com/maps/search/electrician/@50.855265977028644,-113.88334802444844,13z?hl=en","electrician","Alberta","177 Cramond Close SE",,"false",,,"JCHI Home Inspection","5","https://twitter.com/YYCHomeInspectR","https://www.google.com/maps/search/?api=1&query=JCHI%20Home%20Inspection&query_place_id=ChIJEdTecNJ3cVMRSliXFHRkYb0","http://www.jchi.ca/",,"https://www.youtube.com/embed/4qkUtUtEA7k",,,
,,,,,,,,,,,,,,,,,,,,,,,,,,,,,,,,,,,,,,,,,,,,,"11547 42 St SE, Calgary, AB T2Z 4K4, Canada","Electrical installation service",,,,,,,,,,"Electrical installation service",,,"4656358909072267754","Calgary","false","CA","0",,"encoreelectricalservices.ca","info@encoreelectrical.ca",,,"https://www.facebook.com/EncoreElectrical",,"0x53717764086a9059:0x409eb5c1e1fa59ea",,,,"https://streetviewpixels-pa.googleapis.com/v1/thumbnail?panoid=fJqc-z6x-1G7JmM7JcOdHg&cb_client=search.gws-prod.gps&w=408&h=240&yaw=300.35568&pitch=0&thumbfov=100","2","https://www.instagram.com/encoreelectricalservices",,"false","/g/11b6d24gmj","en","https://www.linkedin.com/company/encore-electrical-services-inc",,,"50.9484149","-113.9757318",,"East Shepard Industrial","Monday","6:30 AM to 5 PM","Tuesday","6:30 AM to 5 PM","Wednesday","6:30 AM to 5 PM","Thursday","6:30 AM to 5 PM","Friday","6:30 AM to 5 PM","Saturday","Closed","Sunday","Closed","false","+1 403-993-8140","+14039938140","4039938140",,,,,"4403-993-8140","403-993-8140",,,,,,,,,,,,"ChIJWZBqCGR3cVMR6ln64cG1nkA",,"T2Z 4K4",,"27",,,"25","23","0","2","0","0","2026-04-18T17:37:38.298Z","https://encoreelectricalservices.ca/","https://encoreelectricalservices.ca/contact-us","https://encoreelectricalservices.ca/about-us","https://encoreelectricalservices.ca/services","https://encoreelectricalservices.ca/careers-1","https://www.google.com/maps/search/electrician/@50.94138981351432,-113.88334802444844,13z?hl=en","electrician","Alberta","11547 42 St SE",,"false",,,"Encore Electrical Services Inc.","4.7",,"https://www.google.com/maps/search/?api=1&query=Encore%20Electrical%20Services%20Inc.&query_place_id=ChIJWZBqCGR3cVMR6ln64cG1nkA","http://encoreelectricalservices.ca/",,,,,
,,,,,,,,,,,,,,,,,,,,,,,,,,,,,,,,,,,,,,,,,,,,,"81 Mt Robson Close SE, Calgary, AB T2Z 2E2, Canada","Electrician",,,,,,,,,,"Electrician",,,"12958119689323473055","Calgary","false","CA","0",,"copperridgeelectric.com","mike@copperridgeelectric.com",,,"https://www.facebook.com/CopperRidgeElectric",,"0x2aa0e930db8dd9a7:0xb3d47d33cf1ee89f",,,,"https://lh3.googleusercontent.com/gps-cs-s/APNQkAGzvHle-XzfOkIvXzDpWP-UXIKWLDyfvLA_9Y_p-eyFqcsCm-UWX1vlIokWxOVx_wMTf3nVdVhEYZPKpux1gVSw30-CvFnk2gat1499cbt4Aemt-HJS5AnCCNOdQu_gveo46w0dTA=w408-h544-k-no","6",,,"false","/g/11q43qfc88","en",,,,"50.9091145","-113.9876896",,"Southeast Calgary","Monday","8 AM to 5 PM","Tuesday","8 AM to 5 PM","Wednesday","8 AM to 5 PM","Thursday","8 AM to 5 PM","Friday","8 AM to 5 PM","Saturday","Closed","Sunday","Closed","false","+1 403-542-3278","+14035423278",,,,,,"(403) 542-3278",,,,,,,,,,,,,"ChIJp9mN2zDpoCoRn-gezzN91LM",,"T2Z 2E2",,"30",,,"8","8","0","0","0","0","2026-04-18T17:37:38.298Z","https://www.copperridgeelectric.com/","https://www.copperridgeelectric.com/","https://www.copperridgeelectric.com/services","https://www.copperridgeelectric.com/contact","https://www.copperridgeelectric.com/about","https://www.google.com/maps/search/electrician/@50.94138981351432,-113.88334802444844,13z?hl=en","electrician","Alberta","81 Mt Robson Close SE",,"false",,,"Copper Ridge Electrical Services Ltd","5",,"https://www.google.com/maps/search/?api=1&query=Copper%20Ridge%20Electrical%20Services%20Ltd&query_place_id=ChIJp9mN2zDpoCoRn-gezzN91LM","http://www.copperridgeelectric.com/",,,,,
,,,,,,,,,,,,,,,,,,,,,,,,,,,,,,,,,,,,,,,,,,,,,,"Electrician","Service establishment",,,,,,,,,"Electrician",,,"15454787849031103005",,"false",,"0",,"shockstopinc.ca",,,,,,"0x41f42c732a298eeb:0xd67a6faa6c85b21d",,,,"https://lh3.googleusercontent.com/gps-cs-s/APNQkAEoOkrWrkGI7G0UpfKvoqA436Z-rpNwip2ldLz3cYrAyL3llNMyQAG311bD6z_YHF0SaIIsCISk2ThU0vJY3nAx2oQ2A8ltRfBCuaI-laNHx3gZMMtcj9968GXW3SF92Gcyan8HInIKMGwV=w408-h408-k-no","2",,,"false","/g/11mk9shlhy","en",,,,"51.0276233","-114.087835",,,"Monday","7 AM to 5 PM","Tuesday","7 AM to 5 PM","Wednesday","7 AM to 5 PM","Thursday","7 AM to 5 PM","Friday","7 AM to 5 PM","Saturday","7 AM to 5 PM","Sunday","7 AM to 5 PM","false","+1 825-561-7544","+18255617544","8255617544","825-561-7544",,,,"825-561-7544","23.104.162.150","130.185.156.12","162.212.172.248",,,,,,,,,,"ChIJ644pKnMs9EERHbKFbKpvetY",,,,"35",,,"10","10","0","0","0","0","2026-04-18T17:37:37.743Z","https://shockstopinc.ca/","https://shockstopinc.ca/cdn-cgi/l/email-protection#8fe6e1e9e0cffce7e0ece4fcfbe0ffe6e1eca1ecee","https://shockstopinc.ca/cdn-cgi/l/email-protection","https://shockstopinc.ca/careers/","https://shockstopinc.ca/cdn-cgi/l/email-protection#6b02050d042b1803040800181f041b02050845080a","https://www.google.com/maps/search/electrician/@50.855265977028644,-113.88334802444844,13z?hl=en","electrician",,,,"false",,,"Shock stop inc","5",,"https://www.google.com/maps/search/?api=1&query=Shock%20stop%20inc&query_place_id=ChIJ644pKnMs9EERHbKFbKpvetY","https://shockstopinc.ca/",,,,,
,,,,,,,,,,,,,,,,,,,,,,,,,,,,,,,,,,,,,,,,,,,,,"236 Initiative Ave SE, Calgary, AB T3S 0B7, Canada","Electrical installation service",,,,,,,,,,"Electrical installation service",,,"6522852983273860173","Calgary","true","CA",,,,,,,,,"0x53717923f22dd267:0x5a85d43a8e22ac4d",,,,"https://streetviewpixels-pa.googleapis.com/v1/thumbnail?panoid=lJNHnIxlgnkj7EEigYSNUA&cb_client=search.gws-prod.gps&w=408&h=240&yaw=90.27632&pitch=0&thumbfov=100","1",,,"false","/g/11hz5vf0sd","en",,,,"50.9609776","-113.9062179",,,"Monday","8 AM to 4 PM","Tuesday","8 AM to 4 PM","Wednesday","8 AM to 4 PM","Thursday","8 AM to 4 PM","Friday","8 AM to 4 PM","Saturday","Closed","Sunday","Closed","false","+1 403-247-1717","+14032471717",,,,,,,,,,,,,,,,,,,"ChIJZ9It8iN5cVMRTawijjrUhVo",,"T3S 0B7",,"20",,,"2",,,,,,"2026-04-18T17:37:37.484Z",,,,,,"https://www.google.com/maps/search/electrician/@50.94138981351432,-113.88334802444844,13z?hl=en","electrician","Alberta","236 Initiative Ave SE",,"false",,,"Delphi Electric inc.","5",,"https://www.google.com/maps/search/?api=1&query=Delphi%20Electric%20inc.&query_place_id=ChIJZ9It8iN5cVMRTawijjrUhVo",,,,,,
,,,,,,,,,,,,,,,,,,,,,,,,,,,,,,,,,,,,,,,,,,,,,,"Electrician","Service establishment",,,,,,,,,"Electrician",,,"14544010122080353077",,"false",,"0",,"27industrieselectric.com","27industrieselectric@gmail.com",,,,,"0x29af792d47ea770d:0xc9d6b4260848fb35",,,,"https://lh3.googleusercontent.com/gps-cs-s/APNQkAGwpvle-rQsA5hideMjqK-8NyWxhR3q7rMz0bl3NN9bFGb0ZXNK4_AiUNPTHjsFuRVZbQfiZaig_6ylWbYbp8T9Y9FQX5JrgquB5vkzqoPPs20RpO7vEBvbBq6R-DIvDNNYooYaIVGFxDPh=w408-h544-k-no","6",,,"false","/g/11ywp6jsff","en",,,,"50.9433782","-113.9686838",,,"Monday","Open 24 hours","Tuesday","Open 24 hours","Wednesday","Open 24 hours","Thursday","Open 24 hours","Friday","Open 24 hours","Saturday","Open 24 hours","Sunday","Open 24 hours","false","+1 403-615-0837","+14036150837","403-615-0837",,,,,"403-615-0837","1768443391","12121266","1771629364",,,,,,,,,,"ChIJDXfqRy15rykRNftICCa01sk",,,,"32",,,"16","16","0","0","0","0","2026-04-18T17:37:37.743Z","https://27industrieselectric.com/","https://27industrieselectric.com/blogs/news/hot-tub-electrical-connections","https://27industrieselectric.com/pages/hot-tubs-saunas","https://27industrieselectric.com/pages/contact","https://27industrieselectric.com/pages/saunas","https://www.google.com/maps/search/electrician/@50.855265977028644,-113.88334802444844,13z?hl=en","electrician",,,,"false",,,"27 Industries Electric","5",,"https://www.google.com/maps/search/?api=1&query=27%20Industries%20Electric&query_place_id=ChIJDXfqRy15rykRNftICCa01sk","http://www.27industrieselectric.com/",,,,,
,,,,,,,,,,,,"true",,,,,,,,,,,"true",,,,,,,,,,,,,,,,,,,,,,,"Electrician","Service establishment",,,,,,,,,"Electrician",,,"12442429197597698114",,"false",,"0",,"wolfeindustrial.ca","nick@wolfeindustrial.ca","nick@www.wolfeindustrial.ca",,"https://www.facebook.com/profile.php?id=61558713342728",,"0x846c99a1ddd8386f:0xacac636eb1c26842",,,,"https://lh3.googleusercontent.com/gps-cs-s/APNQkAHmVQVDPYVhHJFAjCY7yVV9wOtzU-mFeFsrLXLuKcdn4_oLUFREVtwzHJJtYpjnVwNL_5BSWdz9a0p_pI_240ZK8n9KwLVOtDMXdUCjQZiaVMKspxyMTUGf2Zko0qmG9dm9MNGQlA=w408-h306-k-no","10","https://www.instagram.com/wolfe_electrical_specialists",,"false","/g/11wmtlz98g","en",,,,"51.0125833","-114.1485956",,,"Monday","9 AM to 8 PM","Tuesday","9 AM to 8 PM","Wednesday","9 AM to 8 PM","Thursday","9 AM to 8 PM","Friday","9 AM to 8 PM","Saturday","9 AM to 6 PM","Sunday","11 AM to 5 PM","false","+1 403-404-2585","+14034042585","403-404-2585",,,,,"403 404 2585","403-404-2585",,,,,,,,,,,,"ChIJbzjY3aGZbIQRQmjCsW5jrKw",,,,"31",,,"22","22","0","0","0","0","2026-04-18T17:37:37.743Z","https://www.wolfeindustrial.ca/","https://www.wolfeindustrial.ca/previous-work/","https://www.wolfeindustrial.ca/about-us/","https://www.wolfeindustrial.ca/contact-us/","https://www.wolfeindustrial.ca/blog/","https://www.google.com/maps/search/electrician/@50.855265977028644,-113.88334802444844,13z?hl=en","electrician",,,,"false",,,"Wolfe Industrial Services","5",,"https://www.google.com/maps/search/?api=1&query=Wolfe%20Industrial%20Services&query_place_id=ChIJbzjY3aGZbIQRQmjCsW5jrKw","https://wolfeindustrial.ca/",,,,,
,,,,,,,,,,,,,,,,,,,,,,,,,,,,,,,,,,,,,,,,,,,,,,"Electrician","Service establishment",,,,,,,,,"Electrician",,,"10135468142655191397",,"false",,"0",,"vacalgary.com","admin@vaedm.com",,,,,"0xa4dd526235fd57a7:0x8ca86a9363403965",,,,"https://lh3.googleusercontent.com/gps-cs-s/APNQkAGxEjh9QSNun484NBP7iVUv8EGPILZJhEkCI7-ivcQbrOP1wAxGuHcALZtyePHdvMvA0ZDmQAJFg97GOvYoCI6OpAaq54ut5-OdTlADcEbrLyR1DallljQ_mxhmKP1nzpkG1x5UjbWJnSrZ=w408-h544-k-no","24","https://www.instagram.com/va.okanagan",,"false","/g/11n4b0h_kl","en",,,,"50.8849142","-114.0722118",,,"Monday","Open 24 hours","Tuesday","Open 24 hours","Wednesday","Open 24 hours","Thursday","Open 24 hours","Friday","Open 24 hours","Saturday","Open 24 hours","Sunday","Open 24 hours","false","+1 780-850-7455","+17808507455","(780) 850-7455","250-300-7483",,,,"780-850-7455",,,,,,,,,,,,,"ChIJp1f9NWJS3aQRZTlAY5NqqIw",,,,"39",,,"21","21","0","0","0","0","2026-04-18T17:37:37.743Z","https://www.vacalgary.com/","https://www.vacalgary.com/commercial","https://www.vacalgary.com/#Work","https://www.vacalgary.com/residential","https://www.vacalgary.com/solar","https://www.google.com/maps/search/electrician/@50.855265977028644,-113.88334802444844,13z?hl=en","electrician",,,,"false",,,"VA Electric Contracting & Maintenance Ltd","5",,"https://www.google.com/maps/search/?api=1&query=VA%20Electric%20Contracting%20%26%20Maintenance%20Ltd&query_place_id=ChIJp1f9NWJS3aQRZTlAY5NqqIw","https://www.vacalgary.com/",,,,,
,,,,,,,,,,,,,,,,,,,,,,,,,,,,,,,,,,,,,,,,,,,,,"Copperstone Dr SE, Calgary, AB T2Z 0P2, Canada","Electrical installation service",,,,,,,,,,"Electrical installation service",,,"16367210056875039765","Calgary","false","CA",,,,,,,,,"0x537179fef21c833b:0xe32402d45c3cdc15",,,,"https://lh3.googleusercontent.com/gps-cs-s/APNQkAF9jISEsGjWTI4IwTV2bktBGVh60GsuEzf7gOqAHoBcfa-kXn-1kCqCGHPBQpJyWja9cGnCxTlM5XBdP9XQbF7WG3E-OGydGZDDqbVHQWlTNRPoIjP4HLBujvLE4z0ENO6aDSevTw=w408-h544-k-no","56",,,"false","/g/11n2cmck_d","en",,,,"50.9155781","-113.9207222",,"Copperfield","Monday","8 AM to 6 PM","Tuesday","8 AM to 6 PM","Wednesday","8 AM to 6 PM","Thursday","8 AM to 6 PM","Friday","8 AM to 6 PM","Saturday","Open 24 hours","Sunday","Open 24 hours","false","+1 587-215-1207","+15872151207",,,,,,,,,,,,,,,,,,,"ChIJO4Mc8v55cVMRFdw8XNQCJOM",,"T2Z 0P2",,"14",,,"7",,,,,,"2026-04-18T17:37:37.484Z",,,,,,"https://www.google.com/maps/search/electrician/@50.94138981351432,-113.88334802444844,13z?hl=en","electrician","Alberta","Copperstone Dr SE",,"false",,,"sirius high quality electrical services","5",,"https://www.google.com/maps/search/?api=1&query=sirius%20high%20quality%20electrical%20services&query_place_id=ChIJO4Mc8v55cVMRFdw8XNQCJOM",,,,,,
,,,,,,,,,,,,,,,,,,,,,,,,,,,,,,,,,,,,,,,,,,,,,"5830 86 Ave SE, Calgary, AB T2C 4L7, Canada","Electrical installation service",,,,,,,,,,"Electrical installation service",,,"12769751033529663567","Calgary","false","CA","0",,"sparkpowercorp.com",,,,"https://www.facebook.com/sparkpowercorp",,"0x537179f3125f37c5:0xb13744e86fb6804f",,,,"https://lh3.googleusercontent.com/gps-cs-s/APNQkAHnzR_IZvN-BwbiX_WD4NetfU0ai6KlJvexrRjf5HtvLjLhq0CqPyXNVpLCojtnvD5aC-Oct5BU551VooNPTbCok0IaJMptsuSEyC5G5qNiE9oz7SzjR9YrTxpRf4WhFdG9Dfo7=w408-h272-k-no","11","https://www.instagram.com/sparkpowercorp",,"false","/g/11lkbphcq5","en","https://www.linkedin.com/company/spark-power-corp-",,,"50.9765637","-113.9520295",,"Section 23","Monday","9 AM to 5 PM","Tuesday","9 AM to 5 PM","Wednesday","9 AM to 5 PM","Thursday","9 AM to 5 PM","Friday","9 AM to 5 PM","Saturday","Closed","Sunday","Closed","false","(833) 775-7697","+18337757697","18337757697",,,,,"833.775.7697",,,,,,,,,,,,,"ChIJxTdfEvN5cVMRT4C2b-hEN7E",,"T2C 4L7",,"18",,,,,,,,,"2026-04-18T17:37:37.484Z","https://sparkpowercorp.com/","https://sparkpowercorp.com/contact/","https://sparkpowercorp.com/about-us/","https://sparkpowercorp.com/about-us/join-us/","https://sparkpowercorp.com/contact/","https://www.google.com/maps/search/electrician/@50.94138981351432,-113.88334802444844,13z?hl=en","electrician","Alberta","5830 86 Ave SE",,"false",,,"Spark Power",,"https://twitter.com/sparkpowercorp","https://www.google.com/maps/search/?api=1&query=Spark%20Power&query_place_id=ChIJxTdfEvN5cVMRT4C2b-hEN7E","https://sparkpowercorp.com/",,"https://www.youtube.com/embed/qYJpGN9M5OI",,,
,,,,,,,,,,,,,,,,,,,,,,,,,,,,,,,,,,,,,,,,,,,,,"7121 107 Ave SE Unit 110, Calgary, AB T2C 5N6, Canada","Electrician",,,,,,,,,,"Electrician",,,"1303064913546098466","Calgary","true","CA","0",,"braunelectrical.com","info@braunelectrical.com",,,,,"0x53716fba62003cd7:0x12156aa28b30b722",,,,"https://streetviewpixels-pa.googleapis.com/v1/thumbnail?panoid=uFDUyQN9XxqinpBpo31hJw&cb_client=search.gws-prod.gps&w=408&h=240&yaw=177.37648&pitch=0&thumbfov=100","2",,,"false","/g/1tg_l9br","en",,,,"50.9584534","-113.9302947",,"East Shepard Industrial","Monday","7 AM to 3:30 PM","Tuesday","7 AM to 3:30 PM","Wednesday","7 AM to 3:30 PM","Thursday","7 AM to 3:30 PM","Friday","7 AM to 3:30 PM","Saturday","Closed","Sunday","Closed","false","+1 403-278-1447","+14032781447","14032781447","403-278-1447",,,,"26.294820","78552246","403-278-1447","7121 107","1574796593752","1574810275976","9824377","0517578","136.800003","29.107980","728149414","29.107982","635498047","ChIJ1zwAYrpvcVMRIrcwi6JqFRI",,"T2C 5N6",,"15",,,"5",,,,,,"2026-04-18T17:37:37.484Z","https://braunelectrical.com/","https://braunelectrical.com/contact","https://braunelectrical.com/search","https://braunelectrical.com/about","https://braunelectrical.com/","https://www.google.com/maps/search/electrician/@50.94138981351432,-113.88334802444844,13z?hl=en","electrician","Alberta","7121 107 Ave SE Unit 110",,"false",,,"Braun Electrical Contractors Ltd","4.2",,"https://www.google.com/maps/search/?api=1&query=Braun%20Electrical%20Contractors%20Ltd&query_place_id=ChIJ1zwAYrpvcVMRIrcwi6JqFRI","http://www.braunelectrical.com/",,,,,
,,,,,,,,,,,,,,,,,,,,,,,"true",,,,"false",,,,,,,,,,,,,,,,,,"Unit 16, 6420 79 Ave SE, Calgary, AB T2C 5M4, Canada","Electrical installation service","Electrician",,,,,,,,,"Electrical installation service",,,"1885526522500771866","Calgary","false","CA","0",,"iconicec.ca","info@iconicec.ca",,,"https://www.facebook.com/iconicelectric",,"0x53717a6a8fb3bf17:0x1a2abc61dc3c701a",,,,"https://lh3.googleusercontent.com/gps-cs-s/APNQkAGwSnIX0StqT1POBIkVsfcYvReRok2Xn_Jr11FiK04IwYwF46WPEnt81jhexbBoRQZlpV4eB6waqZ2oWSzwaupgrYSUj1HwJE4oZC_mlx6VX2U3wkU3tg3Y-NEvU5TlBYtozXO3tg=w426-h240-k-no","2","https://www.instagram.com/iconic_electrical",,"false","/g/1tngpzdk","en","https://www.linkedin.com/company/iconic-electric-and-controls",,,"50.9823163","-113.9398476",,"Great Plains","Monday","7:30 AM to 4 PM","Tuesday","7:30 AM to 4 PM","Wednesday","7:30 AM to 4 PM","Thursday","7:30 AM to 4 PM","Friday","7:30 AM to 4 PM","Saturday","Closed","Sunday","Closed","false","+1 403-240-1233","+14032401233","4032401233",,,,,"403.240.1233","877-891-9066","780.916.1279","8439 111","866.733.1650",,,,,,,,,"ChIJF7-zj2p6cVMRGnA83GG8Kho",,"T2C 5M4",,"17",,,"8",,,,,,"2026-04-18T17:37:37.484Z","https://iconicec.ca/","https://iconicec.ca/contact/","https://iconicec.ca/about/","https://iconicec.ca/about/indigenous-peoples-policy/","https://iconicec.ca/about/our-team/","https://www.google.com/maps/search/electrician/@50.94138981351432,-113.88334802444844,13z?hl=en","electrician","Alberta","Unit 16, 6420 79 Ave SE",,"false",,,"Iconic Electric And Controls","4.3","https://twitter.com/iconicec","https://www.google.com/maps/search/?api=1&query=Iconic%20Electric%20And%20Controls&query_place_id=ChIJF7-zj2p6cVMRGnA83GG8Kho","http://www.iconicec.ca/",,,,,
,,,,,,,,,,,,,,,,,,,,,,,,,,,,,,,,,,,,,,,,,,,,,"1604 Copperfield Blvd SE, Calgary, AB T2Z 0L1, Canada","Electrician",,,,,,,,,,"Electrician",,,"13167675277263592704","Calgary","false","CA","0",,"jlmempowered.com","info@jlmempowered.com",,,"https://www.facebook.com/102448641694680",,"0x53717818c315a47f:0xb6bcfae63afd5d00",,,,"https://lh3.googleusercontent.com/gps-cs-s/APNQkAHxvxuDlOp4kj7JB14DhozcvX7J6yxLo51-hAK8hiRDdxrn6vk5Wl1pL-oQV9MK8xv5SdufwYjxPah6K7sySuhYl3LrQvnLi6q32XeAg41b45JP4nmnf2kPW8GM0Mcb_e0gAUFbSQ=w408-h541-k-no","25",,,"false","/g/11p73qnmz6","en",,,,"50.9173737","-113.9254389",,"Copperfield","Monday","7 AM to 9 PM","Tuesday","7 AM to 9 PM","Wednesday","7 AM to 9 PM","Thursday","7 AM to 9 PM","Friday","7 AM to 9 PM","Saturday","7 AM to 9 PM","Sunday","Closed","false","+1 403-998-6645","+14039986645","4039986645","4034747387",,,,"403-998-6645","403-474-7387",,,,,,,,,,,,"ChIJf6QVwxh4cVMRAF39Oub6vLY",,"T2Z 0L1",,"19",,,"24",,,,,,"2026-04-18T17:37:36.986Z","https://jlmempowered.com/contact-us","https://jlmempowered.com/#","https://jlmempowered.com/","https://jlmempowered.com/contact-us","https://jlmempowered.com/services","https://www.google.com/maps/search/electrician/@50.855265977028644,-113.88334802444844,13z?hl=en","electrician","Alberta","1604 Copperfield Blvd SE",,"false",,,"JLM Empowered Electrical Services","5",,"https://www.google.com/maps/search/?api=1&query=JLM%20Empowered%20Electrical%20Services&query_place_id=ChIJf6QVwxh4cVMRAF39Oub6vLY","https://jlmempowered.com/contact-us",,,,,
,,,,,,,,,,,,,,,,,,,,,,,,,,,,,,,,,,,,,,,,,,,,,"189 Elgin Meadows Park SE, Calgary, AB T2Z 1B5, Canada","Electrical installation service",,,,,,,,,,"Electrical installation service",,,"5114737458574958638","Calgary","false","CA",,,,,,,,,"0x537177c3d270a347:0x46fb329e99bea02e",,,,"https://lh3.googleusercontent.com/gps-cs-s/APNQkAEHa7jsDi3Ak8G3EghVHE25PBxBD1uXzznJOE70zMQNq3ky1JLjTz5frB6d7aXuaGf1gceC_huL2axtIJlb4EFnkP6ZbTDFRAuo0gYo2YhNg4L6NMWqGdX04fc9V59UQF7My2me=w408-h544-k-no","8",,,"false","/g/11gbzb9g2b","en",,,,"50.9089953","-113.9501234",,"Southeast Calgary","Monday","7 AM to 7 PM","Tuesday","7 AM to 7 PM","Wednesday","7 AM to 7 PM","Thursday","7 AM to 7 PM","Friday","7 AM to 7 PM","Saturday","7 AM to 5 PM","Sunday","Closed","false","+1 587-224-1424","+15872241424",,,,,,,,,,,,,,,,,,,"ChIJR6Nw0sN3cVMRLqC-mZ4y-0Y",,"T2Z 1B5",,"17",,,"2",,,,,,"2026-04-18T17:37:36.986Z",,,,,,"https://www.google.com/maps/search/electrician/@50.855265977028644,-113.88334802444844,13z?hl=en","electrician","Alberta","189 Elgin Meadows Park SE",,"false",,,"VoltaGenius","5",,"https://www.google.com/maps/search/?api=1&query=VoltaGenius&query_place_id=ChIJR6Nw0sN3cVMRLqC-mZ4y-0Y",,,,,,
,,,,,,,,,,,,,,,,,,,,,,,,"true",,"false",,,,,,,,,,,,,,,,,,,"11055 50 St SE #115, Calgary, AB T2C 3E5, Canada","Electrician",,,,,,,,,,"Electrician",,,"14060412533910133081","Calgary","false","CA","0",,"tru-electric.ca","info@tru-electric.ca",,,"https://www.facebook.com/TRUELECTRIC.LTD",,"0x537179de6e085431:0xc3209eb44f29d959",,,,"https://lh3.googleusercontent.com/gps-cs-s/APNQkAGE0WleI84NJKCyNL1Q5FxodxNj9ubjxGgkZ5HaKs5cRBiVAt3MDN9YU5c7AwVg8yhEq3mpvlDasCMMIq2nrdwkG_Pc6XzXF8GnrlYEaf6DNrteqlTJYawoIb_GOLCrC2qzq3Es=w408-h408-k-no","57","https://www.instagram.com/truelectric",,"false","/g/11h0sny7m","en",,,,"50.9549988","-113.9623133",,"East Shepard Industrial","Monday","8 AM to 4 PM","Tuesday","8 AM to 4 PM","Wednesday","8 AM to 4 PM","Thursday","8 AM to 4 PM","Friday","8 AM to 3 PM","Saturday","Closed","Sunday","Closed","false","+1 403-454-8801","+14034548801",,,,,,"403-454-8801",,,,,,,,,,,,,"ChIJMVQIbt55cVMRWdkpT7SeIMM",,"T2C 3E5",,"7",,,"29",,,,,,"2026-04-18T17:37:37.483Z","http://tru-electric.ca/","http://tru-electric.ca/faqs/","http://tru-electric.ca/contact-us/","http://tru-electric.ca/about/","https://tru-electric.ca/contact-us/","https://www.google.com/maps/search/electrician/@50.94138981351432,-113.88334802444844,13z?hl=en","electrician","Alberta","11055 50 St SE #115",,"false",,,"Tru Electric Ltd","4.9",,"https://www.google.com/maps/search/?api=1&query=Tru%20Electric%20Ltd&query_place_id=ChIJMVQIbt55cVMRWdkpT7SeIMM","http://www.tru-electric.ca/",,,,,
,,,,,,,,,,,,,,,,,,,,,,,,,,,,,,,,,,,,,,,,,,,,,"48 Copperstone Ct SE, Calgary, AB T2Z 0R5, Canada","Electrician",,,,,,,,,,"Electrician",,,"7021350741599706768","Calgary","false","CA","0",,"persistentelectric.ca",,,,"https://www.facebook.com/persistentelectric",,"0xaff5db50908615f:0x6170d94c7c79de90",,,,"https://lh3.googleusercontent.com/gps-cs-s/APNQkAE65dwh9AnVeCfwKW9kD2f_Ah3YVn7teJM71kGqVNOJJgV3weqsagYwGYes1joCfzda5BANCzpULUeAB2YWs6EQ9lgK4i0bkvTG5NCsfoxgLwQOyQ-XiPBw9UB__i_Hb3KDgN4Lvw=w408-h306-k-no","24","https://www.instagram.com/persistentelectric",,"false","/g/11vbp81pm7","en",,,,"50.918557","-113.9292277",,"Copperfield","Monday","7 AM to 5 PM","Tuesday","7 AM to 5 PM","Wednesday","7 AM to 5 PM","Thursday","7 AM to 5 PM","Friday","7 AM to 5 PM","Saturday","Closed","Sunday","Closed","false","+1 403-921-3852","+14039213852",,,,,,,,,,,,,,,,,,,"ChIJX2EICbVd_woRkN55fEzZcGE",,"T2Z 0R5",,"16",,,"29",,,,,,"2026-04-18T17:37:36.985Z","https://persistentelectric.ca/","https://persistentelectric.ca/","https://persistentelectric.ca/contact/","https://persistentelectric.ca/blog/","https://persistentelectric.ca/about/","https://www.google.com/maps/search/electrician/@50.855265977028644,-113.88334802444844,13z?hl=en","electrician","Alberta","48 Copperstone Ct SE",,"false",,,"Persistent Electric","5",,"https://www.google.com/maps/search/?api=1&query=Persistent%20Electric&query_place_id=ChIJX2EICbVd_woRkN55fEzZcGE","http://www.persistentelectric.ca/",,,,,
,,,,,,,,,,,,,,,,,,,,,,,"true",,,,,,,,,,,,,,,,,,,,,,"67 Mt Aberdeen Link SE, Calgary, AB T2Z 3N5, Canada","Electrician",,,,,,,,,,"Electrician",,,"11098867841198452462","Calgary","false","CA","0",,"cosmicelectrical.ca",,,,,,"0x53717163b03e7cf7:0x9a07197f4ba3eeee",,,,"https://lh3.googleusercontent.com/gps-cs-s/APNQkAGNoIGLAoQTfeOAVHJdlxis0uwjTyOBuykTzerWkk2MPTEU1R8qbxkMMEKoZLDS6NTBeED56cQMPRlQUagv3AAu_vtZb1YGTV_ZZIbSMWhAKZ49b7ESyHbsZeN8xdOSVmwAlPf24joiajye=w408-h306-k-no","17",,,"false","/g/11nt3pn0k_","en",,,,"50.9292775","-113.9785531",,"Southeast Calgary","Monday","7 AM to 5 PM","Tuesday","7 AM to 5 PM","Wednesday","7 AM to 5 PM","Thursday","7 AM to 5 PM","Friday","7 AM to 5 PM","Saturday","7 AM to 5 PM","Sunday","Closed","false","+1 403-708-3317","+14037083317","4037083317",,,,,"(403) 708-3317",,,,,,,,,,,,,"ChIJ93w-sGNxcVMR7u6jS38ZB5o",,"T2Z 3N5",,"14",,,"63",,,,,,"2026-04-18T17:37:36.985Z","https://cosmicelectrical.ca/","https://cosmicelectrical.ca/#home","https://cosmicelectrical.ca/#about","https://cosmicelectrical.ca/#services","https://cosmicelectrical.ca/#ev-charger","https://www.google.com/maps/search/electrician/@50.855265977028644,-113.88334802444844,13z?hl=en","electrician","Alberta","67 Mt Aberdeen Link SE",,"false",,,"Cosmic Electrical Services Ltd","5",,"https://www.google.com/maps/search/?api=1&query=Cosmic%20Electrical%20Services%20Ltd&query_place_id=ChIJ93w-sGNxcVMR7u6jS38ZB5o","https://cosmicelectrical.ca/",,,,,
,,,,,,,,,,,,,,,,,,,,,,,,,,,,,,,,,,,,,,,,,,,,,"10645 74 St SE #1110, Calgary, AB T2C 5S4, Canada","Electrical installation service",,,,,,,,,,"Electrical installation service",,,"2243830667638667061","Calgary","false","CA","0",,"seacliffelectric.ca","service.cgy@seacliffelectric.ca",,,,,"0x53717740f1d06ee9:0x1f23b01a98baf735",,,,"https://streetviewpixels-pa.googleapis.com/v1/thumbnail?panoid=l-T9ByuKZnTDs5w1E0s0gw&cb_client=search.gws-prod.gps&w=408&h=240&yaw=272.94357&pitch=0&thumbfov=100","1","https://www.instagram.com/seacliffelectric",,"false","/g/11qr3pj8cr","en","https://www.linkedin.com/company/seacliff-electric-ltd",,,"50.9634972","-113.9284482",,"East Shepard Industrial","Monday","7:30 AM to 4:30 PM","Tuesday","7:30 AM to 4:30 PM","Wednesday","7:30 AM to 4:30 PM","Thursday","7:30 AM to 4:30 PM","Friday","7:30 AM to 1:30 PM","Saturday","Closed","Sunday","Closed","false","+1 587-391-4545","+15873914545","+15873914545",,,,,"(587) 391-4545",,,,,,,,,,,,,"ChIJ6W7Q8UB3cVMRNfe6mBqwIx8",,"T2C 5S4",,"8",,,"12",,,,,,"2026-04-18T17:37:37.483Z","https://seacliffelectric.ca/","https://seacliffelectric.ca/%3Ca%20href=%22tel:+15873914545%22%3E%3C/a%3E","https://seacliffelectric.ca/contact-us/","https://seacliffelectric.ca/about/","https://seacliffelectric.ca/careers/","https://www.google.com/maps/search/electrician/@50.94138981351432,-113.88334802444844,13z?hl=en","electrician","Alberta","10645 74 St SE #1110",,"false",,,"Seacliff Electric","5",,"https://www.google.com/maps/search/?api=1&query=Seacliff%20Electric&query_place_id=ChIJ6W7Q8UB3cVMRNfe6mBqwIx8","http://www.seacliffelectric.ca/",,,,,
,,,,,,,,,,,,,,,,,,,,,,,,,,,,,,,,,,,,,,,,,,,,,"420 Mahogany Blvd SE, Calgary, AB T3M 1M9, Canada","Electrician",,,,,,,,,,"Electrician",,,"16295002388866626929","Calgary","false","CA","0",,"stateelectric.info","brett@stateelectric.info",,,"https://www.facebook.com/stateelectricservicesinc",,"0x537179a89c46056f:0xe2237a568a897571",,,,"https://streetviewpixels-pa.googleapis.com/v1/thumbnail?panoid=iPw4F8zqv8HzMOumY32lYg&cb_client=search.gws-prod.gps&w=408&h=240&yaw=162.69878&pitch=0&thumbfov=100","2",,,"false","/g/11fv3b0c57","en",,,,"50.9035572","-113.9178449",,"Mahogany","Monday","Open 24 hours","Tuesday","Open 24 hours","Wednesday","Open 24 hours","Thursday","Open 24 hours","Friday","Open 24 hours","Saturday","Open 24 hours","Sunday","Open 24 hours","false","+1 403-506-4764","+14035064764",,,,,,"403-506-4764",,,,,,,,,,,,,"ChIJbwVGnKh5cVMRcXWJilZ6I-I",,"T3M 1M9",,"12",,,"2",,,,,,"2026-04-18T17:37:36.985Z","https://stateelectric.info/","https://stateelectric.info/#commercial","https://stateelectric.info/#about_us","https://stateelectric.info/#residential","https://stateelectric.info/#industrial","https://www.google.com/maps/search/electrician/@50.855265977028644,-113.88334802444844,13z?hl=en","electrician","Alberta","420 Mahogany Blvd SE",,"false",,,"State Electric Services Inc.","5",,"https://www.google.com/maps/search/?api=1&query=State%20Electric%20Services%20Inc.&query_place_id=ChIJbwVGnKh5cVMRcXWJilZ6I-I","http://www.stateelectric.info/",,,,,
,,,,,,,,,,,,"true",,,"true",,"true",,,"true",,,"true",,,,"true","true",,,,,,,,,,,,,,,,,"14 Mahogany Passage SE, Calgary, AB T3M 2K6, Canada","HVAC contractor","Air conditioning repair service","Electrical installation service","Furnace parts supplier","Furnace repair service","Furnace store","Gasfitter","Heating equipment supplier","Plumber","Sheet metal contractor","HVAC contractor",,,"664383999022982070","Calgary","false","CA","0",,"purcellheating.ca","services@purcellheating.ca",,,"https://www.facebook.com/PurcellHvac",,"0x826619800ba5d717:0x9385dba2037e3b6",,,,"https://lh3.googleusercontent.com/gps-cs-s/APNQkAH2KukUeAvhWbpb3MMLduwZcGxzr1_IiDNkLS5HuA3Piv7OTlMPR7jfK1_a033Vxt5-mXGNYu6xQ1PwYVpUl-CnyC2Sk-Dk6I8plnW7dp3umhoESyTHUH5RGyEDk4gHPUyXb_002DS61Vxh=w408-h544-k-no","37","https://www.instagram.com/purcellheatingair","https://www.instagram.com/purcell_heating_and_air_bc","false","/g/11xmntmq3f","en",,,,"50.8897662","-113.9380778",,"Mahogany","Monday","7:30 AM to 5:30 PM","Tuesday","7:30 AM to 5:30 PM","Wednesday","7:30 AM to 5:30 PM","Thursday","7:30 AM to 5:30 PM","Friday","7:30 AM to 5:30 PM","Saturday","8:30 AM to 3 PM","Sunday","Closed","false","+1 403-312-9099","+14033129099",,,,,,"(403) 312-9099","(250) 688-9222","0209624",,,,,,,,,,,"ChIJF9elC4AZZoIRtuM3ILpdOAk",,"T3M 2K6",,"11",,,"78",,,,,,"2026-04-18T17:37:36.985Z","https://www.purcellheating.ca/","https://www.purcellheating.ca/blogs/","https://www.purcellheating.ca/contact-us/","https://www.purcellheating.ca/alberta-membership-plans/","https://www.purcellheating.ca/#content","https://www.google.com/maps/search/electrician/@50.855265977028644,-113.88334802444844,13z?hl=en","electrician","Alberta","14 Mahogany Passage SE",,"false",,,"Purcell Heating and Air Ltd","5",,"https://www.google.com/maps/search/?api=1&query=Purcell%20Heating%20and%20Air%20Ltd&query_place_id=ChIJF9elC4AZZoIRtuM3ILpdOAk","https://www.purcellheating.ca/",,,,,
,,,,,,,,,,,,,,,,,,,,,,,"true",,,,"true",,,,"Monday","Open 24 hours","Tuesday","Open 24 hours","Wednesday","Open 24 hours","Thursday","Open 24 hours","Friday","Open 24 hours","Saturday","Open 24 hours","Sunday","Open 24 hours","375 Copperfield Heights SE, Calgary, AB T2Z 4C8, Canada","Electrician",,,,,,,,,,"Electrician",,,"17330089905664223655","Calgary","false","CA","0",,"itselectriccanada.com","itselectricoffice@gmail.com",,,,,"0x5371771ad9a2636d:0xf080d8f350b2e9a7",,,,"https://lh3.googleusercontent.com/gps-cs-s/APNQkAFiAzyBwKBBmnv6ZsplkQTIzyiiBJPV-WhxEwTzRz4lyAsQuO5MMb4KXgaJ_lYI4KuC215k3V5Dq88V2M_M3QxUhXaIiGxauxj-fK0qFGuSsGg5blsyuC1Lf7d35YYCeBp75jDV=w408-h375-k-no","30",,,"false","/g/11j0t97jpg","en",,,,"50.9128849","-113.9464829",,"Copperfield","Monday","8 AM to 4:30 PM","Tuesday","8 AM to 4:30 PM","Wednesday","8 AM to 4:30 PM","Thursday","8 AM to 4:30 PM","Friday","8 AM to 4:30 PM","Saturday","Closed","Sunday","Closed","false","+1 403-454-0418","+14034540418","403-454-0418",,,,,"403-454-0418",,,,,,,,,,,,,"ChIJbWOi2Rp3cVMRp-myUPPYgPA",,"T2Z 4C8",,"8",,,"110",,,,,,"2026-04-18T17:37:36.984Z","https://www.itselectriccanada.com/?utm_source=Google+Business+Profile","https://www.itselectriccanada.com/#page-top","https://www.itselectriccanada.com/contact-us","https://www.itselectriccanada.com/#section-6205dd3641ce3","https://www.itselectriccanada.com/#section-5e3f2f76252b1","https://www.google.com/maps/search/electrician/@50.855265977028644,-113.88334802444844,13z?hl=en","electrician","Alberta","375 Copperfield Heights SE",,"false",,,"It's Electric","5",,"https://www.google.com/maps/search/?api=1&query=It's%20Electric&query_place_id=ChIJbWOi2Rp3cVMRp-myUPPYgPA","https://www.itselectriccanada.com/?utm_source=Google+Business+Profile",,,,,
,,,,,,,,,,,,,,,,,,,,,,,,,,,,,,,,,,,,,,,,,,,,,"58 Autumn View SE, Calgary, AB T3M 0H2, Canada","Electrician",,,,,,,,,,"Electrician",,,"12776901309320944622","Calgary","false","CA","0",,"twopillarselectrical.ca","rmskyba@gmail.com","Rileys@twopillarselectrical.ca",,,,"0x537167fe9e2c548f:0xb150ac0bc04c5bee",,,,"https://streetviewpixels-pa.googleapis.com/v1/thumbnail?panoid=fHoqy030lPzFWVrqjocfCg&cb_client=search.gws-prod.gps&w=408&h=240&yaw=329.4143&pitch=0&thumbfov=100","1",,,"false","/g/11rr6yn9cj","en","https://www.linkedin.com/company/two-pillars-electrical-inc",,,"50.893089","-113.9714622",,"Southeast Calgary","Monday","9 AM to 5 PM","Tuesday","9 AM to 5 PM","Wednesday","9 AM to 5 PM","Thursday","9 AM to 5 PM","Friday","9 AM to 5 PM","Saturday","9 AM to 5 PM","Sunday","9 AM to 5 PM","false","+1 403-464-4135","+14034644135",,,,,,"403 464 4135","(403) 464-4135",,,,,,,,,,,,"ChIJj1Qsnv5ncVMR7ltMwAusULE",,"T3M 0H2",,"9",,,"10",,,,,,"2026-04-18T17:37:36.984Z","https://twopillarselectrical.ca/","https://twopillarselectrical.ca/about-us/","https://twopillarselectrical.ca/contact-us/","https://twopillarselectrical.ca/safety/","https://twopillarselectrical.ca/","https://www.google.com/maps/search/electrician/@50.855265977028644,-113.88334802444844,13z?hl=en","electrician","Alberta","58 Autumn View SE",,"false",,,"Two Pillars Electrical Inc.","5",,"https://www.google.com/maps/search/?api=1&query=Two%20Pillars%20Electrical%20Inc.&query_place_id=ChIJj1Qsnv5ncVMR7ltMwAusULE","http://www.twopillarselectrical.ca/",,,,,
,,,,,,,,,,,,,,,,,,,,,,,,,,,,,,,,,,,,,,,,,,,,,"94 Copperleaf Terrace SE, Calgary, AB T2Z 0H9, Canada","Electrician",,,,,,,,,,"Electrician",,,"6457165173156352891","Calgary","false","CA","0",,"sonsofelectric.ca","info@sonsofelectric.ca",,,"https://www.facebook.com/SonsOfElectric",,"0x5371781d920bffff:0x599c75837202137b",,,,"https://streetviewpixels-pa.googleapis.com/v1/thumbnail?panoid=5kTXDQ4kaPBebGGGplUkuQ&cb_client=search.gws-prod.gps&w=408&h=240&yaw=64.54345&pitch=0&thumbfov=100","1",,,"false","/g/11rxbw08qm","en",,,,"50.9113107","-113.9295118",,"Copperfield",,,,,,,,,,,,,,,"false","+1 587-435-1222","+15874351222","5874321222",,,,,"587-435-1222","587.435.1222",,,,,,,,,,,,"ChIJ__8Lkh14cVMRexMCcoN1nFk",,"T2Z 0H9",,"15",,,"1",,,,,,"2026-04-18T17:37:36.985Z","https://sonsofelectric.ca/about-us/","https://sonsofelectric.ca/contact/","https://sonsofelectric.ca/","https://sonsofelectric.ca/about-us/","https://sonsofelectric.ca/blog/","https://www.google.com/maps/search/electrician/@50.855265977028644,-113.88334802444844,13z?hl=en","electrician","Alberta","94 Copperleaf Terrace SE",,"false",,,"Sons of Electric","5","https://twitter.com/SonsofElectric","https://www.google.com/maps/search/?api=1&query=Sons%20of%20Electric&query_place_id=ChIJ__8Lkh14cVMRexMCcoN1nFk","https://sonsofelectric.ca/about-us/",,,,,
,,,,,,,,,,,,,,,,,,,,,,,,,,,,,,,,,,,,,,,,,,,,,"3512 114 Ave SE, Calgary, AB T2Z 3X1, Canada","Electrician",,,,,,,,,,"Electrician",,,"8671491487274451567","Calgary","false","CA","0",,"thestrongholdgroup.ca","Office@StrongholdMechanical.com","Admin@StrongholdElectric.com","Admin@StrongholdPlumbing.ca","https://www.facebook.com/Strongholdelectric-109283280665600",,"0x53717a6a0acb8e43:0x785753906bd1426f",,,,"https://lh3.googleusercontent.com/gps-cs-s/APNQkAEmek7E2QxUEzBDWkDF9wy8Yg-1oi8PDKiIV2tCD8B6pgeTX1kQF1f8B_Ae3CORJEH7-3yQJF_v8NttZRwUTXFC2wA0ZPU29_1sxWildEBIRLlRbMy1nGoJtX_ZVl-CZxIYpoaI=w408-h544-k-no","20","http://www.instagram.com/strongholdelectric",,"false","/g/11b5wf0xl1","en",,,,"50.9499031","-113.9867911",,"Shepard Industrial","Monday","8:30 AM to 6:30 PM","Tuesday","8:30 AM to 6:30 PM","Wednesday","8:30 AM to 6:30 PM","Thursday","8:30 AM to 6:30 PM","Friday","8:30 AM to 6:30 PM","Saturday","Closed","Sunday","Closed","false","+1 403-262-5122","+14032625122","4035237116","4032625122","8255400414",,,"403-523-7116","403-262-5122","825-540-0414",,,,,,,,,,,"ChIJQ47LCmp6cVMRb0LRa5BTV3g",,"T2Z 3X1",,"36",,,"24","13","0","8","2","1","2026-04-18T17:37:38.298Z","http://thestrongholdgroup.ca/","http://thestrongholdgroup.ca/#contact","https://thestrongholdgroup.ca/","http://thestrongholdgroup.ca/#","http://thestrongholdgroup.ca/#services","https://www.google.com/maps/search/electrician/@50.94138981351432,-113.88334802444844,13z?hl=en","electrician","Alberta","3512 114 Ave SE",,"false",,,"Stronghold Electric","3.4",,"https://www.google.com/maps/search/?api=1&query=Stronghold%20Electric&query_place_id=ChIJQ47LCmp6cVMRb0LRa5BTV3g","https://thestrongholdgroup.ca/",,,,,
,,,,,,,,,,,,,,,,,,,,,,,,,,,,,,,,,,,,,,,,,,,,,"130 Cranbrook Cove SE, Calgary, AB T3M 2S9, Canada","Electrician",,,,,,,,,,"Electrician",,,"3393908469027123753","Calgary","false","CA","0",,"brightwestelectric.com","info@brightwestelectric.com",,,,,"0x53719d4ccf280b2d:0x2f1995c5588d3229",,,,"https://lh3.googleusercontent.com/gps-cs-s/APNQkAGZSI9ggDwJWmXNpBqzkhJGjCket_kIiC6eNETudvZh8kfkV2hpqrvmgUFj9pPxKihq4GtJ4ApDaQCCJta5lpbbUbKScwBFROAOkQbrtPKWn55dlrvOZlCQD9VElGIGVx0nh6mv=w408-h544-k-no","8",,,"false","/g/11w_kpvn46","en",,,,"50.864794","-113.9790439",,"Southeast Calgary","Monday","7 AM to 5 PM","Tuesday","7 AM to 5 PM","Wednesday","7 AM to 5 PM","Thursday","7 AM to 5 PM","Friday","7 AM to 5 PM","Saturday","Closed","Sunday","Closed","false","+1 403-809-3932","+14038093932","+14038093932","+16043293007",,,,"(403) 809-3932","(604) 329-3007",,,,,,,,,,,,"ChIJLQsoz0ydcVMRKTKNWMWVGS8",,"T3M 2S9",,"10",,,"15",,,,,,"2026-04-18T17:37:36.985Z","https://www.brightwestelectric.com/","https://www.brightwestelectric.com/about/","https://www.brightwestelectric.com/contact/","https://www.brightwestelectric.com/#content","https://www.brightwestelectric.com/contact/","https://www.google.com/maps/search/electrician/@50.855265977028644,-113.88334802444844,13z?hl=en","electrician","Alberta","130 Cranbrook Cove SE",,"false",,,"Bright West Electric","5",,"https://www.google.com/maps/search/?api=1&query=Bright%20West%20Electric&query_place_id=ChIJLQsoz0ydcVMRKTKNWMWVGS8","https://www.brightwestelectric.com/",,,,,
,,,,,,,,,,,,,,,,,,,,,,,,,,,,,,,,,,,,,,,,,,,,,"SE, 36 Cranford Park SE, Calgary, AB T3M 1Z4, Canada","Electrician",,,,,,,,,,"Electrician",,,"12180649700569008118","Calgary","false","CA","0",,"redblackblue.ca","MRPhillips@shaw.ca","info@redblackblue.ca",,,,"0x53719d9e1ab82471:0xa90a5c5de7e247f6",,,,"https://lh3.googleusercontent.com/gps-cs-s/APNQkAHNMy7kEmlReDTxqonjZWjJNzxFBhuLbD-XZ6F_gS3sbqFpooAg8RmWgckErpEew1dXREKK9jZHQtRDiDmTBcD-qQd_Ydeq16oJyEdZacskAYmZXPhmGMA_xV8my8mH17pHKb1A=w408-h306-k-no","39",,,"false","/g/11jds8sv6j","en",,,,"50.8711699","-113.9659877",,"Southeast Calgary","Monday","9 AM to 7 PM","Tuesday","9 AM to 7 PM","Wednesday","9 AM to 7 PM","Thursday","9 AM to 7 PM","Friday","9 AM to 7 PM","Saturday","9 AM to 7 PM","Sunday","9 AM to 7 PM","false","+1 403-681-7530","+14036817530",,,,,,"403-681-7530",,,,,,,,,,,,,"ChIJcSS4Gp6dcVMR9kfi511cCqk",,"T3M 1Z4",,"5",,,"10",,,,,,"2026-04-18T17:37:36.984Z","https://www.redblackblue.ca/","https://www.redblackblue.ca/about","https://www.redblackblue.ca/gallery","https://www.redblackblue.ca/services","https://www.redblackblue.ca/","https://www.google.com/maps/search/electrician/@50.855265977028644,-113.88334802444844,13z?hl=en","electrician","AB","SE, 36 Cranford Park SE",,"false",,,"Red Black & Blue Electric","5",,"https://www.google.com/maps/search/?api=1&query=Red%20Black%20%26%20Blue%20Electric&query_place_id=ChIJcSS4Gp6dcVMR9kfi511cCqk","http://redblackblue.ca/",,,,,
,"true",,,,,,,,,,,,,,,,,,,,,,,,,,,,,,,,,,,,,,,,,,,,"9580 114 Unit 10, Calgary, AB T3S 0A5, Canada","Electrician","Fire protection system supplier","Fire alarm supplier","Lighting contractor","Safety equipment supplier",,,,,,"Electrician",,,"14259587714582033047","Calgary","false","CA","0",,"jaselectric.com","info@jaselectric.com",,,"https://www.facebook.com/x360digital",,"0x5371792dea6d2009:0xc5e43b79d32fb297",,,,"https://streetviewpixels-pa.googleapis.com/v1/thumbnail?panoid=si-nFXalxA9Gmrnc4R81kw&cb_client=search.gws-prod.gps&w=408&h=240&yaw=321.00494&pitch=0&thumbfov=100","1",,,"false","/g/11qb69yt53","en",,,,"50.9513565","-113.896139",,,"Monday","8 AM to 4:30 PM","Tuesday","8 AM to 4:30 PM","Wednesday","8 AM to 4:30 PM","Thursday","8 AM to 4:30 PM","Friday","8 AM to 4:30 PM","Saturday","Closed","Sunday","Closed","false","+1 403-278-0738","+14032780738",,,,,,"(403) 278-0738","1366 140","932-183-183","925-11-11","10 9580 114","(403) 225-3930","9580 114","113.893942","50.951409",,,,,"ChIJCSBt6i15cVMRl7Iv03k75MU",,"T3S 0A5",,"19",,,"4",,,,,,"2026-04-18T17:37:37.484Z","https://www.jaselectric.com/","https://www.jaselectric.com/service.htm","https://www.jaselectric.com/faq.htm","https://www.jaselectric.com/contact.htm","https://www.jaselectric.com/about.htm","https://www.google.com/maps/search/electrician/@50.94138981351432,-113.88334802444844,13z?hl=en","electrician","Alberta","9580 114 Unit 10",,"false",,,"J A S Electrical Contractors Inc","4",,"https://www.google.com/maps/search/?api=1&query=J%20A%20S%20Electrical%20Contractors%20Inc&query_place_id=ChIJCSBt6i15cVMRl7Iv03k75MU","http://www.jaselectric.com/",,,,,
,,,,,,,,,,,,,,,,,,,,,,,"true",,,,,,,,,,,,,,,,,,,,,,"391 Magnolia Dr SE, Calgary, AB T3M 3M4, Canada","Electrician",,,,,,,,,,"Electrician",,,"3637064037864356003","Calgary","false","CA","0",,"gravityelectrical.ca",,,,"https://www.facebook.com/gravityelectrical",,"0x537169a3ed564795:0x32797278f240b8a3",,,,"https://lh3.googleusercontent.com/gps-cs-s/APNQkAFN5kKYFd94ALGd3yrgAEH5TlS9nIFxO8GbrLV230Vj8BoQoCX9XzWfqc6dJE-qe6pCTNqeBAyRkE_8mmlubW9U6u3TTkDI_KpLfPYFVUtobdiFyLrypDaTRjr_BCYZDZXVpMCK=w408-h272-k-no","23","https://www.instagram.com/gravityelectricalsolutions",,"false","/g/11qn775sjw","en","https://www.linkedin.com/company/gravity-electrical-solutions",,,"50.8894606","-113.9094087",,"Mahogany","Monday","Open 24 hours","Tuesday","Open 24 hours","Wednesday","Open 24 hours","Thursday","Open 24 hours","Friday","Open 24 hours","Saturday","Open 24 hours","Sunday","Open 24 hours","false","+1 825-824-9473","+18258249473","+14038792345","+18258249525","+18258249473","+18258249253",,"403-879-2345","825-824-9525","825-824-9473","825-824-9253",,,,,,,,,,"ChIJlUdW7aNpcVMRo7hA8nhyeTI",,"T3M 3M4",,"1",,,"192",,,,,,"2026-04-18T17:37:36.981Z","https://www.gravityelectrical.ca/","https://www.gravityelectrical.ca/contact/","https://www.gravityelectrical.ca/blog/","https://www.gravityelectrical.ca/services/data-and-networking/","https://www.gravityelectrical.ca/careers/","https://www.google.com/maps/search/electrician/@50.855265977028644,-113.88334802444844,13z?hl=en","electrician","Alberta","391 Magnolia Dr SE",,"false",,,"Gravity Electrical Solutions","5",,"https://www.google.com/maps/search/?api=1&query=Gravity%20Electrical%20Solutions&query_place_id=ChIJlUdW7aNpcVMRo7hA8nhyeTI","http://www.gravityelectrical.ca/",,,,,
,,,,,,,,,,,,,,,,,,,,,,,"true",,,,"true","true",,,,,,,,,,,,,,,,,"11 Cranberry Green SE, Calgary, AB T3M 1L5, Canada","Electrician","Contractor","Electric vehicle charging station contractor","Electrical installation service","Lighting contractor","Repair service",,,,,"Electrician",,,"5769832591657494688","Calgary","false","CA","0",,"jackpineelectric.com","nbaker@jackpineelectric.com",,,"https://facebook.com/JackPineElectric",,"0x5371777c9ae366df:0x5012902c173768a0",,,,"https://lh3.googleusercontent.com/gps-cs-s/APNQkAEQivfu403Xp2b2EjcxxUIQAqunp2Ia17Ujg348tCIYFINXxfOHee54V0j2e5ZeHQCAyxta157Ur2SE_9ddrn5AEg60YHliuuU6HaOdWm5-hR9H87mMUt9i1-NUjbjLxbRZVwCJiQjailLA=w408-h541-k-no","17","https://instagram.com/jackpineelectric",,"false","/g/11t5829bbs","en",,,,"50.8869789","-113.9739846",,"Southeast Calgary","Monday","7 AM to 9 PM","Tuesday","7 AM to 9 PM","Wednesday","7 AM to 9 PM","Thursday","7 AM to 9 PM","Friday","7 AM to 9 PM","Saturday","7 AM to 9 PM","Sunday","7 AM to 9 PM","false","+1 587-609-5514","+15876095514","5876095514","5872059777",,,,"50.72987","113.95239","5876095514","(587) 609-5514",,,,,,,,,,"ChIJ32bjmnx3cVMRoGg3FyyQElA",,"T3M 1L5",,"6",,,"75",,,,,,"2026-04-18T17:37:36.984Z","https://www.jackpineelectric.com/?utm_source=gbp&utm_medium=organic&utm_campaign=gbp-listing","https://www.jackpineelectric.com/about-us","https://www.jackpineelectric.com/faqs","https://www.jackpineelectric.com/contact-us","https://www.jackpineelectric.com/our-services#ElectricalPanel","https://www.google.com/maps/search/electrician/@50.855265977028644,-113.88334802444844,13z?hl=en","electrician","Alberta","11 Cranberry Green SE",,"false","https://tiktok.com/@jackpineelectric","https://www.tiktok.com/@jackpineelectric","Jack Pine Electric","5",,"https://www.google.com/maps/search/?api=1&query=Jack%20Pine%20Electric&query_place_id=ChIJ32bjmnx3cVMRoGg3FyyQElA","https://jackpineelectric.com/?utm_source=gbp&utm_medium=organic&utm_campaign=gbp-listing",,,,,
,,,,,,,,,,,,,,,,,,,,,,,"true",,,,"true",,,,,,,,,,,,,,,,,,"47 Auburn Sound Cir SE, Calgary, AB T3M 0G6, Canada","Electrician","Electric vehicle charging station contractor","Electrical installation service","Repair service",,,,,,,"Electrician",,,"18246798691282960744","Calgary","false","CA","0",,"electrifyingdutchman.com","electrifyingdutchman@gmail.com",,,"https://www.facebook.com/electrifying.dutchman",,"0x53717713b9cdb3a5:0xfd39a6bbe9fbc168",,,,"https://lh3.googleusercontent.com/gps-cs-s/APNQkAENwnSvo0ZNjTpwdP7D94CbRPegDyHWN-KHfOcjv2yCaCL77mN0b6CtnGdPOEs2JqPQ7UVI_mDw6-si6tgUAKbqeeJhDGiB0sacPXD6JKi_hvCgFQDxvdo4DGMvdA2tLyfgc5iT=w408-h262-k-no","138","https://www.instagram.com/electrifying_dutchman",,"false","/g/11h9263g51","en",,,,"50.8931151","-113.9644666",,"Southeast Calgary","Monday","8 AM to 6 PM","Tuesday","8 AM to 6 PM","Wednesday","8 AM to 6 PM","Thursday","8 AM to 6 PM","Friday","8 AM to 6 PM","Saturday","10 AM to 6 PM","Sunday","Closed","false","+1 403-383-4878","+14033834878",,,,,,"383.4878",,,,,,,,,,,,,"ChIJpbPNuRN3cVMRaMH76bumOf0",,"T3M 0G6",,"3",,,"73",,,,,,"2026-04-18T17:37:36.983Z","https://electrifyingdutchman.com/","https://electrifyingdutchman.com/commercial","https://electrifyingdutchman.com/services/commercial-service-work","https://electrifyingdutchman.com/services/commercial-ev-chargers","https://electrifyingdutchman.com/residential","https://www.google.com/maps/search/electrician/@50.855265977028644,-113.88334802444844,13z?hl=en","electrician","Alberta","47 Auburn Sound Cir SE",,"false",,,"The Electrifying Dutchman","4.9",,"https://www.google.com/maps/search/?api=1&query=The%20Electrifying%20Dutchman&query_place_id=ChIJpbPNuRN3cVMRaMH76bumOf0","http://www.electrifyingdutchman.com/",,,,,
"false",,,,,,"false",,,,,"false",,,,,,,,,,,,"true",,,,"true",,,,,,,,,,,,,,,,,,"609 Cranbrook Gardens SE, Calgary, AB T3M 3K5, Canada","Electrician",,,,,,,,,,"Electrician",,,"5923651481585274442","Calgary","false","CA","0",,"evolveelectricalservices.ca","derrick@evolveelectricalservices.ca",,,"https://www.facebook.com/photo",,"0x537177f888516f41:0x523509a33d1b4e4a",,,,"https://lh3.googleusercontent.com/gps-cs-s/APNQkAFXsuzu-DWgXz08QvXuzAP7mkBbvzYldkyjP9MDG1iOSYXv-xQyGWyVAtfF7RXr08b97rBMy2JroO5Nt4NJiwj900jNinsTyvv1krrjtGln9jIiK0merwTLLpsp0adkacBluHHl=w408-h544-k-no","71","https://www.instagram.com/evolveelectrical_yyc",,"false","/g/11nfndrszg","en",,,,"50.8602109","-113.9761047",,"Southeast Calgary","Monday","8 AM to 6 PM","Tuesday","8 AM to 6 PM","Wednesday","8 AM to 6 PM","Thursday","8 AM to 6 PM","Friday","8 AM to 6 PM","Saturday","10 AM to 4 PM","Sunday","10 AM to 4 PM","false","+1 825-935-3865","+18259353865","8259353865",,,,,"825-935-3865","50.860210","113.976104","113.9497","61565369033653","935-3865",,,,,,,,"ChIJQW9RiPh3cVMRSk4bPaMJNVI",,"T3M 3K5",,"4",,,"63",,,,,,"2026-04-18T17:37:36.984Z","https://evolveelectricalservices.ca/","https://evolveelectricalservices.ca/work-gallery/","https://evolveelectricalservices.ca/contact-us/","https://evolveelectricalservices.ca/about-us/","https://evolveelectricalservices.ca/contact-us/","https://www.google.com/maps/search/electrician/@50.855265977028644,-113.88334802444844,13z?hl=en","electrician","Alberta","609 Cranbrook Gardens SE",,"false",,,"Evolve Electrical Services","5",,"https://www.google.com/maps/search/?api=1&query=Evolve%20Electrical%20Services&query_place_id=ChIJQW9RiPh3cVMRSk4bPaMJNVI","https://evolveelectricalservices.ca/","https://api.whatsapp.com/send?phone=8259353865",,,,
,,,,,,,,,,,,,,,,,,,,,,,"true",,,,"true",,,,,,,,,,,,,,,,,,"10861 50 St SE #101, Calgary, AB T2C 3E5, Canada","Electrician","Electrical installation service",,,,,,,,,"Electrician",,,"3922593480183173839","Calgary","false","CA","0",,"sunsolarelectrical.ca","//www.google.com/maps/place/Sun+Solar+%26+Electrical+Ltd./@50.9564394",,,"https://www.facebook.com/SunElectricalCalgaryCan","https://www.facebook.com/SunSolarElectrical","0x537179e74c4fffff:0x366fd9fcc894d2cf",,,,"https://lh3.googleusercontent.com/gps-cs-s/APNQkAE1-qTu6AqtHbHf5B9BGutJjawK1Qcoh-x913Ypi0OiFbuwim-sJUGk_fHgP92cDVn_5txYi7bTv5jcnnUs3z9qzvus4mzZW9UZacumz17DylvueTo0FBoqwI7P20o4OxFvfAk=w408-h272-k-no","48","https://www.instagram.com/sunsolarelectrical",,"false","/g/11ggqn7pw1","en",,,,"50.9564328","-113.962353",,"East Shepard Industrial","Monday","Open 24 hours","Tuesday","Open 24 hours","Wednesday","Open 24 hours","Thursday","Open 24 hours","Friday","Open 24 hours","Saturday","Open 24 hours","Sunday","Open 24 hours","false","+1 403-214-8888","+14032148888","403-214-8888",,,,,"403-214-8888","101-10861","113.962354","113.964542","50.956436","50.956439","2912314",,,,,,,"ChIJ__9PTOd5cVMRz9KUyPzZbzY",,"T2C 3E5",,"20",,,"222",,,,,,"2026-04-18T17:37:36.986Z","https://sunsolarelectrical.ca/?utm_source&utm_medium&utm_campaign&se_campaign","https://sunsolarelectrical.ca/about/guarantee/","https://sunsolarelectrical.ca/about/electrical-rates/","https://sunsolarelectrical.ca/contact-us-2/","https://sunsolarelectrical.ca/about/","https://www.google.com/maps/search/electrician/@50.855265977028644,-113.88334802444844,13z?hl=en","electrician","Alberta","10861 50 St SE #101",,"false",,,"Sun Electrical Ltd.","4.9","https://twitter.com/SunSolar18","https://www.google.com/maps/search/?api=1&query=Sun%20Electrical%20Ltd.&query_place_id=ChIJ__9PTOd5cVMRz9KUyPzZbzY","https://www.sunsolarelectrical.ca/?utm_source=&utm_medium=&utm_campaign=&se_campaign=",,,,,
,,,,,,,,,,,,,,,,,,,,,,,"true",,,,"true",,,,,,,,,,,,,,,,,,"5126 126 Ave SE unit 210, Calgary, AB T2Z 0H2, Canada","Electrician","Electric vehicle charging station contractor","Electrical installation service","Home automation company","Lighting contractor","Solar energy system service",,,,,"Electrician",,,"4520906176882542372","Calgary","false","CA","0",,"crewelectricalservices.com","%20info@crewelectricalservices.ca","info@crewelectricalservices.ca",,"https://www.facebook.com/crewcalgary",,"0x53713f79a74b9f67:0x3ebd7c370ff40724",,,,"https://lh3.googleusercontent.com/gps-cs-s/APNQkAG8-stkkfjybJm1UQsI4XSh7lk5_3FxgvBPgeTfQI2cCI9AS8hTTs2bzLp80cKDS9fkVCipaPf8eEslhVLT4MvfzcyPlgbjbhr6Z0MBT96TxCYj3lgqD_2yPIPbNs792AqYnNoX=w408-h612-k-no","159","https://www.instagram.com/crewcalgary",,"false","/g/11c5fzdtm2","en","https://www.linkedin.com/company/crew-electrical-services-ltd",,,"50.9355847","-113.9622117",,"East Shepard Industrial","Monday","8 AM to 4 PM","Tuesday","8 AM to 4 PM","Wednesday","8 AM to 4 PM","Thursday","8 AM to 4 PM","Friday","8 AM to 4 PM","Saturday","Closed","Sunday","Closed","false","+1 403-909-0888","+14039090888","4039090888",,,,,"(403) 909-0888","5126 126","403-909-0888",,,,,,,,,,,"ChIJZ59Lp3k_cVMRJAf0Dzd8vT4",,"T2Z 0H2",,"13",,,"252",,,,,,"2026-04-18T17:37:36.985Z","https://crewelectricalservices.com/","https://crewelectricalservices.com/contact/","https://crewelectricalservices.com/commercial/24-7-emergency-support/","https://crewelectricalservices.com/residential/aluminum-wiring-remediation/","https://crewelectricalservices.com/team/","https://www.google.com/maps/search/electrician/@50.855265977028644,-113.88334802444844,13z?hl=en","electrician","Alberta","5126 126 Ave SE unit 210",,"false",,,"Crew Electrical Services Ltd","4.9",,"https://www.google.com/maps/search/?api=1&query=Crew%20Electrical%20Services%20Ltd&query_place_id=ChIJZ59Lp3k_cVMRJAf0Dzd8vT4","https://www.crewelectricalservices.com/",,"https://www.youtube.com/channel/UCyML5aU06P9ozKyRHa_t51w",,,
,,,,,,,,,,,,,,,,,,,,,,,,,,,,,,,,,,,,,,,,,,,,,"36 Cramond Cir SE, Calgary, AB T3M 1E3, Canada","Electrician",,,,,,,,,,"Electrician",,,"10167900676244987483","Calgary","false","CA","0",,"coderadelectrical.com",,,,"https://www.facebook.com/CodeRadElectrical",,"0x537177d3e8a92d11:0x8d1ba3cb0f095e5b",,,,"https://lh3.googleusercontent.com/gps-cs-s/APNQkAHOw2XRPNaxyeoU9f5vMp_uT9vBqWIo06HzxQiQcAuKHx9ehzJfTht3Z5hjW23Qvb7ge93ZHE2sR-XjpktDehBVRiApssNRxEj7YPHibu9KKETxYCIjW3N2HNfuMjkuwZkwSKcrsruDyLFj=w408-h924-k-no","4",,,"false","/g/11cn2mqpfn","en",,,,"50.8926966","-113.9768444",,"Southeast Calgary","Monday","7 AM to 6 PM","Tuesday","7 AM to 6 PM","Wednesday","7 AM to 6 PM","Thursday","7 AM to 6 PM","Friday","7 AM to 6 PM","Saturday","Closed","Sunday","Closed","false","+1 403-333-6344","+14033336344","4033336344",,,,,"403-333-6344",,,,,,,,,,,,,"ChIJES2p6NN3cVMRW14JD8ujG40",,"T3M 1E3",,"7",,,"81",,,,,,"2026-04-18T17:37:36.984Z","https://coderadelectrical.com/","https://coderadelectrical.com/","https://coderadelectrical.com/about/","https://coderadelectrical.com/contact/","https://coderadelectrical.com/blogs/","https://www.google.com/maps/search/electrician/@50.855265977028644,-113.88334802444844,13z?hl=en","electrician","Alberta","36 Cramond Cir SE",,"false",,,"CodeRad Electrical Ltd","5",,"https://www.google.com/maps/search/?api=1&query=CodeRad%20Electrical%20Ltd&query_place_id=ChIJES2p6NN3cVMRW14JD8ujG40","http://www.coderadelectrical.com/",,,,,
,,,,,,,,,,,,,,,,,,,,,,,,,,,,,,,,,,,,,,,,,,,,,"98 Cranfield Crescent SE, Calgary, AB T3M 1A5, Canada","Electrical installation service",,,,,,,,,,"Electrical installation service",,,"13210666757286701472","Calgary","false","CA",,,,,,,,,"0x537177b76446ef45:0xb755b76c3222a9a0",,,,"https://streetviewpixels-pa.googleapis.com/v1/thumbnail?panoid=QRax6xnhsjEgI1zuPbHDOQ&cb_client=search.gws-prod.gps&w=408&h=240&yaw=153.80977&pitch=0&thumbfov=100","2",,,"false","/g/11nngs_2x8","en",,,,"50.8911359","-113.9833634",,"Southeast Calgary","Monday","8 AM to 5 PM","Tuesday","8 AM to 5 PM","Wednesday","8 AM to 5 PM","Thursday","8 AM to 5 PM","Friday","8 AM to 5 PM","Saturday","Closed","Sunday","Closed","false","+1 403-399-4040","+14033994040",,,,,,,,,,,,,,,,,,,"ChIJRe9GZLd3cVMRoKkiMmy3Vbc",,"T3M 1A5",,"29",,,,,,,,,"2026-04-18T17:37:37.742Z",,,,,,"https://www.google.com/maps/search/electrician/@50.855265977028644,-113.88334802444844,13z?hl=en","electrician","Alberta","98 Cranfield Crescent SE",,"false",,,"Our Electrician Calgary",,,"https://www.google.com/maps/search/?api=1&query=Our%20Electrician%20Calgary&query_place_id=ChIJRe9GZLd3cVMRoKkiMmy3Vbc","http://www.ourelectrician.ca/",,,,,
,,,,,,,,,,,,,,,,,,,,,,,,"true",,"false",,,,,,,,,,,,,,,,,,,"243 Autumn Cir SE, Calgary, AB T3M 0J9, Canada","Electrician","Electrical installation service",,,,,,,,,"Electrician",,,"4955803153393180387","Calgary","false","CA","0",,"247electriccalgary.com","info@247electric.com",,,"https://www.facebook.com/247ElectricMain",,"0x537170896b17b6ff:0x44c68cb606c2dee3",,,,"https://lh3.googleusercontent.com/gps-cs-s/APNQkAHH0qxqFYsH5gwki44LYlfhZln_ABoMWor27bd7xHSK6yK1m-4TDv_ZUPkwOgRThf7mcsFiYOXEkDooLBfUQa_XYYwpyFerYNkoHBtwLPIhSNEDtTejHi8qXNnK68_YmXcB6F0=w408-h272-k-no","128","https://www.instagram.com/247electric",,"false","/g/124yl1cjh","en",,,,"50.8979756","-113.9677329",,"Southeast Calgary","Monday","Open 24 hours","Tuesday","Open 24 hours","Wednesday","Open 24 hours","Thursday","Open 24 hours","Friday","Open 24 hours","Saturday","Open 24 hours","Sunday","Open 24 hours","false","+1 587-355-2644","+15873552644","+15873151361","4805307755","5873151361","7802998008","4037750372","(587) 315-1361","0180 101","2000-2024","480-530-7755","587 315 1361","587-315-1361","780-299-8008","(403) 775-0372",,,,,,"ChIJ_7YXa4lwcVMR497CBraMxkQ",,"T3M 0J9",,"2",,,"785",,,,,,"2026-04-18T17:37:36.983Z","https://247electriccalgary.com/","https://247electriccalgary.com/load-calculations/","https://247electriccalgary.com/jobs-2/","https://247electriccalgary.com/contact-us/","https://247electriccalgary.com/outdoor-lighting/","https://www.google.com/maps/search/electrician/@50.855265977028644,-113.88334802444844,13z?hl=en","electrician","Alberta","243 Autumn Cir SE",,"false",,,"24/7 Electric Inc.","4.9",,"https://www.google.com/maps/search/?api=1&query=24%2F7%20Electric%20Inc.&query_place_id=ChIJ_7YXa4lwcVMR497CBraMxkQ","https://247electriccalgary.com/",,"https://www.youtube.com/channel/UCvLZuSC5NYL-aeHncmSUO8Q","https://www.youtube.com/embed/5C3ErWiUpno","https://www.youtube.com/embed/1k4oZCiREXA","https://www.youtube.com/embed/hdeA7jX8A7Q"
